geopixel,device_total_security_score
100_408,0.7615214233841685
100_409,0.763559027777778
100_410,0.762892864616028
100_411,0.7683531937734835
100_412,0.7571170370370375
100_413,0.7575153439153439
100_414,0.7646203703703703
100_415,0.7533628556092324
100_416,0.7652928669410148
100_417,0.7611599570585079
100_418,0.7613327721661057
100_419,0.7638695652173914
100_420,0.7641147378832839
100_421,0.7663630490956074
100_422,0.764096054511485
100_423,0.7644542648709317
100_424,0.7763931251512955
100_425,0.7660950080515295
100_426,0.7615869809203142
100_427,0.7700011795234729
100_428,0.7622113926792287
100_429,0.7609378094672213
100_430,0.7599825296995114
100_431,0.7611017669045193
100_432,0.7656673383227788
100_433,0.759742454536799
100_434,0.7578026766262063
100_435,0.7623294346978559
100_436,0.7692500765228036
100_437,0.7655682394723491
100_438,0.7598707432264477
100_439,0.766335722819594
100_440,0.7587016112157354
100_441,0.7601991614255768
100_442,0.7630877616747186
100_443,0.76995104299702
100_444,0.7688824038045827
100_445,0.7645418098510883
100_446,0.7660479986713172
100_447,0.7620695800402914
100_448,0.7673725348725348
100_449,0.7671361273554258
100_450,0.7621965991148381
100_451,0.7680902777777777
100_452,0.7577009728622632
100_453,0.7633482676224612
100_454,0.7591186122831698
100_455,0.7628009259259262
100_456,0.754777777777776
101_408,0.766532407407408
101_409,0.7607283950617288
101_410,0.7686111111111109
101_411,0.7603267672104239
101_412,0.7716571699905034
101_413,0.7622920302501455
101_414,0.7556599140577046
101_415,0.7647789043796646
101_416,0.763006712213832
101_417,0.7590266702108808
101_418,0.7583856893542759
101_419,0.7684687100893995
101_420,0.7676043296817946
101_421,0.7665108401084012
101_422,0.754852301694407
101_423,0.764704335016835
101_424,0.7643396226415086
101_425,0.7592022792022788
101_426,0.7627920227920233
101_427,0.7731656184486375
101_428,0.7655715360030081
101_429,0.7699407911312673
101_430,0.7561408199643497
101_431,0.7590863765863767
101_432,0.7703071083505866
101_433,0.7632520456503015
101_434,0.7654472819593788
101_435,0.7692592592592595
101_436,0.7656127114769089
101_437,0.7689909909909914
101_438,0.7710726495726493
101_439,0.7601125925925927
101_440,0.7645185185185182
101_441,0.7533685185185184
101_442,0.7634019204389574
101_443,0.7612610229276895
101_444,0.7710614738449788
101_445,0.7630755834204112
101_446,0.7562658382066276
101_447,0.7600342935528119
101_448,0.7612869289522988
101_449,0.7581765432098766
101_450,0.7596395724583644
101_451,0.7550293209876545
101_452,0.773896296296296
101_453,0.7622764060356654
101_454,0.7638621611302024
101_455,0.7637163876204971
101_456,0.7902777777777787
102_408,0.7606600189933521
102_409,0.7747304266291606
102_410,0.7761738351254482
102_411,0.7615351907799041
102_412,0.7576734149403642
102_413,0.7564744193345889
102_414,0.762145842340395
102_415,0.7670187148279021
102_416,0.7609525712763121
102_417,0.762571548821549
102_418,0.7657102732552605
102_419,0.752249455337691
102_420,0.7709766405409559
102_421,0.7569521604938274
102_422,0.7703460837887068
102_423,0.7712037037037036
102_424,0.7644003527336862
102_425,0.7393827160493823
102_426,0.7843685488767457
102_427,0.7628361237950279
102_428,0.7712688614540464
102_429,0.7606087962962962
102_430,0.7651631393298058
102_431,0.7667164570230609
102_432,0.756748508808434
102_433,0.7632034165948894
102_434,0.7624230019493179
102_435,0.7643422318422317
102_436,0.7659071180555553
102_437,0.7561941251596419
102_438,0.7627792359288422
102_439,0.7607444444444447
102_440,0.7694786324786327
102_441,0.7650958994708998
102_442,0.7721170033670034
102_443,0.7607841792409692
102_444,0.7583708391936239
102_445,0.7603243190280223
102_446,0.7669882154882155
102_447,0.7588220164609052
102_448,0.7625796590241035
102_449,0.7635914485914489
102_450,0.7645528120713305
102_451,0.7651818028073735
102_452,0.7655747515808492
102_453,0.7593308641975309
102_454,0.7618219832735962
102_455,0.7640895779500425
102_456,0.7624817850637524
102_457,0.7525612535612535
102_458,0.7718792866941003
102_459,0.7608333333333325
103_408,0.7561047254150693
103_409,0.759664351851852
103_410,0.7630021367521369
103_411,0.7627328126848893
103_412,0.7590831586303286
103_413,0.7611628086419754
103_414,0.7611533052039383
103_415,0.7600166288737717
103_416,0.7624984090619833
103_417,0.7670761670761671
103_418,0.7637127371273713
103_419,0.7593063872255489
103_420,0.7684836817015035
103_421,0.7591843033509702
103_422,0.7594883543337151
103_423,0.7652501970055166
103_424,0.7754304304304307
103_425,0.7556082375478927
103_426,0.7639218921892194
103_427,0.7455304069501602
103_428,0.7558796296296302
103_429,0.7580781391147245
103_430,0.7785291438979967
103_431,0.7532264957264959
103_432,0.7591152263374487
103_433,0.7594298245614036
103_434,0.7598011982570808
103_435,0.7676339747568799
103_436,0.756605705083966
103_437,0.7558417508417502
103_438,0.7596823116219669
103_439,0.768703703703704
103_440,0.7503549382716055
103_441,0.7478935185185192
103_442,0.767075796726959
103_443,0.767089947089948
103_444,0.759903261470426
103_445,0.7581117724867724
103_446,0.7591842168966352
103_447,0.7628890669515669
103_448,0.7600633111744222
103_449,0.7589633447880869
103_450,0.7601686663189013
103_451,0.7620970695970694
103_452,0.7586842105263163
103_453,0.763804713804714
103_454,0.7611682500344211
103_455,0.759756416167205
103_456,0.761494276094276
103_457,0.7622968490878939
103_458,0.7607764782326187
103_459,0.7579842137219187
103_460,0.7740534979423868
104_408,0.7718287037037038
104_409,0.7649172576832155
104_410,0.7656306042884987
104_411,0.7624204486176317
104_412,0.7579389034703997
104_413,0.762897208803006
104_414,0.7639793281653747
104_415,0.7560890890890891
104_416,0.7624365569272975
104_417,0.7621264610618222
104_418,0.7628516210914962
104_419,0.7653248587570624
104_420,0.7608948261238337
104_421,0.7576263855095973
104_422,0.7582128876844326
104_423,0.7695537706381081
104_424,0.7656666666666672
104_425,0.7804485951468713
104_426,0.761688825577714
104_427,0.7714334705075447
104_428,0.7643650793650791
104_429,0.7668357953329054
104_430,0.7639530723905721
104_431,0.7702944236371202
104_432,0.7631365740740741
104_433,0.757600472813239
104_434,0.7659340044742731
104_435,0.7698659336419755
104_436,0.7724473091876409
104_437,0.7672962962962963
104_438,0.7595695695695703
104_439,0.7635075174184085
104_440,0.760030092592593
104_441,0.7678639846743295
104_442,0.7559371492704827
104_443,0.753312757201646
104_444,0.7576190476190475
104_445,0.7600540806293024
104_446,0.7559777777777775
104_447,0.7632326892109502
104_448,0.76663997330664
104_449,0.7754404996712687
104_450,0.7645515243134293
104_451,0.7641833847736629
104_452,0.763961038961039
104_453,0.757235867446394
104_454,0.7609847832328456
104_455,0.7572280092592594
104_456,0.7607811447811448
104_457,0.7617943239097086
104_458,0.7641392509828265
104_459,0.7659733796296293
104_460,0.7706152927120676
104_461,0.65518518518519
105_408,0.7521006944444437
105_409,0.767451580020387
105_410,0.7619823514789956
105_411,0.7547277777777779
105_412,0.7635452045932396
105_413,0.7544681069958847
105_414,0.7646132415601441
105_415,0.7576191700960218
105_416,0.7675036209393751
105_417,0.7621139705882354
105_418,0.7613764510779437
105_419,0.7708366234254562
105_420,0.770358126721763
105_421,0.7609514687100889
105_422,0.7629629629629631
105_423,0.7643098688750866
105_424,0.7616348671904228
105_425,0.7641314958369223
105_426,0.757310231023103
105_427,0.766428062678063
105_428,0.7576381766381765
105_429,0.7654326756663209
105_430,0.7703295499800876
105_431,0.7604286694101509
105_432,0.7687018610650453
105_433,0.7638543209876543
105_434,0.7626833333333333
105_435,0.7632702571567201
105_436,0.764974974974975
105_437,0.766840894148586
105_438,0.7681418918918923
105_439,0.767781676413256
105_440,0.7681308411214949
105_441,0.7572342249657061
105_442,0.7619773662551445
105_443,0.7579488727858292
105_444,0.7605555555555565
105_445,0.7640128098022834
105_446,0.7666629065613837
105_447,0.769810405643739
105_448,0.7654269874970511
105_449,0.7628784806704514
105_450,0.7768710089399744
105_451,0.769212292002147
105_452,0.7661906721536352
105_453,0.7677230273752015
105_454,0.7744786862334031
105_455,0.7620358065706904
105_456,0.7614667913105415
105_457,0.7644590259550892
105_458,0.7603277990634314
105_459,0.7579267097785616
105_460,0.7636802894848875
105_461,0.74675925925926
106_408,0.7797306397306396
106_409,0.773649604660841
106_410,0.7592831541218636
106_411,0.7601718067877767
106_412,0.7596001073537304
106_413,0.7610213243546579
106_414,0.75889070442992
106_415,0.7657707475994513
106_416,0.7647941292356192
106_417,0.759386145404664
106_418,0.7661333027242119
106_419,0.7614087301587303
106_420,0.7606459170013392
106_421,0.7578273809523809
106_422,0.7734087791495201
106_423,0.7583090081607028
106_424,0.7689067278287466
106_425,0.7579777777777778
106_426,0.7606659870880055
106_427,0.7688401559454189
106_428,0.7693636721828215
106_429,0.771984126984127
106_430,0.7602826048797615
106_431,0.7605306267806264
106_432,0.7577202202202202
106_433,0.7612906846240179
106_434,0.7637632455343628
106_435,0.7703800868770009
106_436,0.7633854166666668
106_437,0.7652787456445992
106_438,0.7678851315083202
106_439,0.76830779054917
106_440,0.7612921191868565
106_441,0.7567317867317864
106_442,0.7702812939521799
106_443,0.7702768424990648
106_444,0.7652445575346342
106_445,0.7634100372561908
106_446,0.76424885559717
106_447,0.7610471622701839
106_448,0.7577008842752789
106_449,0.7623358766491812
106_450,0.7575228026533999
106_451,0.7719774226281075
106_452,0.7547414395527603
106_453,0.7603588807785886
106_454,0.7582622739018088
106_455,0.7677266714766716
106_456,0.7576795339940883
106_457,0.7667647058823531
106_458,0.7611263318112629
106_459,0.763922922922923
106_460,0.7670343531937736
106_461,0.72
107_408,0.7892370370370372
107_409,0.7660227272727276
107_410,0.7671162280701754
107_411,0.7625987949672159
107_412,0.7546099290780139
107_413,0.7623534927332395
107_414,0.766787561146052
107_415,0.7577583255524433
107_416,0.7603310185185186
107_417,0.7559970238095238
107_418,0.7569672571121849
107_419,0.7660959497509202
107_420,0.7567261088248745
107_421,0.7617888636936258
107_422,0.7580352612886858
107_423,0.765464373002444
107_424,0.7613125677979233
107_425,0.7577299209321681
107_426,0.7604267719496145
107_427,0.7639873206539873
107_428,0.7615809839690438
107_429,0.7660062893081762
107_430,0.7703969838101576
107_431,0.7630122568611777
107_432,0.7620189210950085
107_433,0.7617957644328401
107_434,0.7662291212781412
107_435,0.7677193942711186
107_436,0.7660078782939417
107_437,0.7566921119592874
107_438,0.7632805836139169
107_439,0.7788509021842356
107_440,0.7567303240740745
107_441,0.7679545454545458
107_442,0.7590828924162258
107_443,0.7588960113960115
107_444,0.7605520614954574
107_445,0.769427798585102
107_446,0.7586716524216524
107_447,0.7598867724867722
107_448,0.7545723421262992
107_449,0.7640939153439154
107_450,0.7664246339362618
107_451,0.7646404521404522
107_452,0.7632880015432097
107_453,0.771284403669725
107_454,0.7653153648698203
107_455,0.7548904741317194
107_456,0.7581282231598689
107_457,0.7583139040680025
107_458,0.770112334556779
107_459,0.764714463066419
107_460,0.7642661179698214
107_461,0.7662962962962975
108_408,0.7816419753086427
108_409,0.763373015873016
108_410,0.7787328042328046
108_411,0.7681219272369713
108_412,0.7674509803921569
108_413,0.7665996649916252
108_414,0.7562468368990106
108_415,0.7622682881886864
108_416,0.7601112935595693
108_417,0.7576784295024641
108_418,0.7599078590785906
108_419,0.7604931874880059
108_420,0.771794804282956
108_421,0.7648179184771363
108_422,0.7531642512077295
108_423,0.7631706839114251
108_424,0.7614908073541165
108_425,0.761405423280423
108_426,0.7673554256010398
108_427,0.7655608164983164
108_428,0.7586090534979423
108_429,0.7587623648493215
108_430,0.7580823586744639
108_431,0.7667611489040062
108_432,0.7630183782267118
108_433,0.762287874671738
108_434,0.7578376268540205
108_435,0.7589868491680086
108_436,0.7644358597007606
108_437,0.7568531378600825
108_438,0.7643656422379824
108_439,0.7549194101508923
108_440,0.760460648148148
108_441,0.7560341880341879
108_442,0.7573544973544981
108_443,0.7717746913580246
108_444,0.7618226120857701
108_445,0.7619975713418338
108_446,0.7639814814814814
108_447,0.7566052631578947
108_448,0.7656350700983474
108_449,0.7580788330229675
108_450,0.7627507872244713
108_451,0.7614804526748967
108_452,0.7704307116104872
108_453,0.7616373080397472
108_454,0.7625249731058856
108_455,0.7581593488649936
108_456,0.7621828623048132
108_457,0.7647990543735226
108_458,0.7546929572059105
108_459,0.7594620167612867
108_460,0.7529074074074077
108_461,0.76398148148148
109_408,0.7748542159180457
109_409,0.7724876543209872
109_410,0.7664184933232555
109_411,0.7640386473429954
109_412,0.7663512731481483
109_413,0.7520607235142119
109_414,0.7607350718065004
109_415,0.7627777777777777
109_416,0.7731823085221144
109_417,0.7567452927788122
109_418,0.7565822784810129
109_419,0.7790053310886647
109_420,0.7588770685579198
109_421,0.7636885423435127
109_422,0.7668289160720352
109_423,0.7673749738439004
109_424,0.7608609656777197
109_425,0.7557153032153032
109_426,0.757095860566449
109_427,0.7582343038225392
109_428,0.7625521498510002
109_429,0.7619935185185188
109_430,0.7667586769159097
109_431,0.7637397787397786
109_432,0.756873730270355
109_433,0.7615494483845551
109_434,0.7603368695328496
109_435,0.7685246913580247
109_436,0.7618554829339144
109_437,0.7645446177171323
109_438,0.766816201227966
109_439,0.7640652557319222
109_440,0.7831058201058205
109_441,0.7594771241830064
109_442,0.7680875735548633
109_443,0.7630583613916945
109_444,0.7439917695473234
109_445,0.7726489533011274
109_446,0.7716392318244171
109_447,0.7586207849640687
109_448,0.7607677634716261
109_449,0.7580919003115264
109_450,0.7578282200110563
109_451,0.7669782998857889
109_452,0.7601016702977487
109_453,0.7633163882837087
109_454,0.7592514545196538
109_455,0.7680878069080318
109_456,0.7596875746714458
109_457,0.7524118697010262
109_458,0.7693027888446216
109_459,0.7610036754311564
109_460,0.7430392156862746
110_408,0.7603254769921439
110_409,0.7585937500000002
110_410,0.7629513888888888
110_411,0.7601851851851852
110_412,0.7599103942652332
110_413,0.7678202792956892
110_414,0.7633554449972358
110_415,0.7653019079685748
110_416,0.7634982078853052
110_417,0.7530574712643684
110_418,0.7630383597883598
110_419,0.7626934658235471
110_420,0.7636448463967849
110_421,0.755280501089325
110_422,0.7572674897119341
110_423,0.759581913201545
110_424,0.7691080011309022
110_425,0.7589341787439616
110_426,0.76232825567503
110_427,0.7584757834757831
110_428,0.7596094683393072
110_429,0.7693221932870371
110_430,0.7597273190621816
110_431,0.7634456175632645
110_432,0.768342151675485
110_433,0.7540409065782201
110_434,0.7672325677632938
110_435,0.7609329582747303
110_436,0.7608994708994706
110_437,0.7620124421296298
110_438,0.7670716651610962
110_439,0.7603589391861
110_440,0.7770233918128657
110_441,0.7507795698924729
110_442,0.7390522875816994
110_443,0.7671330589849105
110_444,0.7609090909090911
110_445,0.7722910731244059
110_446,0.7692371729527693
110_447,0.7695122184039713
110_448,0.7718605870020967
110_449,0.7717849069727005
110_450,0.7639554969989751
110_451,0.7660195828011915
110_452,0.7672129629629627
110_453,0.7607868155236577
110_454,0.7557739343116705
110_455,0.7575476190476191
110_456,0.7652358490566042
110_457,0.7577633744855972
110_458,0.758565421316513
110_459,0.7562193362193365
110_460,0.7459150326797389
111_408,0.7538499025341131
111_409,0.7685709294199861
111_410,0.7584259259259261
111_411,0.7611588477366256
111_412,0.7638839637509851
111_413,0.7557191358024691
111_414,0.761349698535745
111_415,0.7561783509700175
111_416,0.7633358701166922
111_417,0.7666985428051003
111_418,0.7651067649281933
111_419,0.7644118518518516
111_420,0.7630945821854911
111_421,0.7710330836454433
111_422,0.7608327582240625
111_423,0.76542071197411
111_424,0.7530190058479532
111_425,0.7660194352768611
111_426,0.7648105739327113
111_427,0.7688518518518518
111_428,0.7667414765759137
111_429,0.765808641975309
111_430,0.759061728395062
111_431,0.7658945718204978
111_432,0.7589806547619047
111_433,0.7557531415343913
111_434,0.7697925368978005
111_435,0.7586076497057811
111_436,0.7602282006415868
111_437,0.7810067526089628
111_438,0.7642542270531401
111_439,0.7605381263616555
111_440,0.7584588826114246
111_441,0.7683629629629625
111_442,0.7696283867760383
111_443,0.754589120370371
111_444,0.7809609609609606
111_445,0.7679365079365081
111_446,0.7589272809394763
111_447,0.7593237366921579
111_448,0.7667420327304046
111_449,0.7633745689008845
111_450,0.7660201660735471
111_451,0.7643290960451978
111_452,0.7702152777777779
111_453,0.766187084520418
111_454,0.7623619378306883
111_455,0.7637526205450734
111_456,0.7567420234086898
111_457,0.7644643179765132
111_458,0.7630964467005078
111_459,0.7871420389461627
111_460,0.7626568405139832
111_461,0.7414814814814801
112_408,0.7471193415637856
112_409,0.7658318636096416
112_410,0.7559788359788367
112_411,0.7568087484035759
112_412,0.7566657588961505
112_413,0.7570745332108969
112_414,0.7584254952627046
112_415,0.7591097724230258
112_416,0.7721385083713852
112_417,0.7631059772643932
112_418,0.7610294892048446
112_419,0.7565489254686787
112_420,0.7648450223272913
112_421,0.767663492063492
112_422,0.7646925360474981
112_423,0.7606437768240346
112_424,0.7647962962962966
112_425,0.752653903903904
112_426,0.7690844582900658
112_427,0.7556584362139919
112_428,0.7590118744698896
112_429,0.7557585660526835
112_430,0.7565942846399701
112_431,0.7552222222222225
112_432,0.763519921436588
112_433,0.7622602089268756
112_434,0.7643300411522633
112_435,0.7564904158544511
112_436,0.7610195141377942
112_437,0.7653899926416481
112_438,0.767250060518034
112_439,0.7613448909902811
112_440,0.756381172839506
112_441,0.7614633655394528
112_442,0.7599163679808844
112_443,0.7556548148148148
112_444,0.752881562881563
112_445,0.7580471380471373
112_446,0.7668021680216806
112_447,0.76205429031516
112_448,0.7712573099415205
112_449,0.7603250453250453
112_450,0.7562058322690507
112_451,0.7646036249014972
112_452,0.760153133903134
112_453,0.7694152526911147
112_454,0.7700193325193326
112_455,0.7590162649421907
112_456,0.7618930844907406
112_457,0.7646352697875541
112_458,0.7618292420327304
112_459,0.7600511247443761
112_460,0.7756305672761369
112_461,0.7542592592592585
113_408,0.7865141612200441
113_409,0.7632815904139436
113_410,0.7625445816186561
113_411,0.7597514619883043
113_412,0.7674951728980166
113_413,0.7634961970899472
113_414,0.763271375464684
113_415,0.7609244384947198
113_416,0.7544960534304798
113_417,0.7664200298953665
113_418,0.7530742881609938
113_419,0.7597098765432101
113_420,0.7715610938040842
113_421,0.7671381886087769
113_422,0.7638319088319089
113_423,0.7657296435011792
113_424,0.7682988072818584
113_425,0.7654394224733209
113_426,0.7753880718954247
113_427,0.7669827279202279
113_428,0.7612503283425267
113_429,0.7604917889587705
113_430,0.7519354110207769
113_431,0.7604682539682539
113_432,0.7606749512670565
113_433,0.7611508916323734
113_434,0.75831715210356
113_435,0.7531621966794382
113_436,0.7631806213796737
113_437,0.7540925925925926
113_438,0.7686843238587427
113_439,0.7633233233233232
113_440,0.7558465608465612
113_441,0.7578118908382067
113_442,0.7561833019460137
113_443,0.778001722652885
113_444,0.7624053945249595
113_445,0.764643694327239
113_446,0.7754924704924705
113_447,0.7659537037037034
113_448,0.7679225202213712
113_449,0.7574950796206837
113_450,0.7620950309740345
113_451,0.7625665195881802
113_452,0.7668300653594773
113_453,0.7640516569200781
113_454,0.7626502057613173
113_455,0.7669337427880142
113_456,0.7645208591491122
113_457,0.765925925925926
113_458,0.759763071895425
113_459,0.7631832694763733
113_460,0.7589527458492978
113_461,0.66518518518519
114_408,0.7370833333333324
114_409,0.7551296296296293
114_410,0.756489197530864
114_411,0.7570218579234975
114_412,0.7656910821435957
114_413,0.7566600133067203
114_414,0.7614645695924235
114_415,0.7604489867225718
114_416,0.7666265432098769
114_417,0.7674275530760893
114_418,0.7584653270291568
114_419,0.7541456790123454
114_420,0.7461087962962963
114_421,0.774204204204204
114_422,0.7549045138888896
114_423,0.7623089873089872
114_424,0.7639629629629627
114_425,0.7639718614718614
114_426,0.7628037955310685
114_427,0.7698008761449622
114_428,0.7684255964149203
114_429,0.7636212262682851
114_430,0.7583899881616776
114_431,0.7673805256869771
114_432,0.7799621212121209
114_433,0.7421059431524547
114_434,0.7629091147885477
114_435,0.7604045058883769
114_436,0.7624890572390574
114_437,0.7544795321637426
114_438,0.7611785938480855
114_439,0.7551370851370849
114_440,0.7626032083038454
114_441,0.7630809570632578
114_442,0.7548861283643891
114_443,0.7557986994628214
114_444,0.764268707482993
114_445,0.7478220611916259
114_446,0.7628483245149911
114_447,0.7530416666666665
114_448,0.7732354996505947
114_449,0.769766343524733
114_450,0.766321644838755
114_451,0.7580061129090256
114_452,0.7613242136608975
114_453,0.7662681481481483
114_454,0.7630846858094046
114_455,0.7570547180346178
114_456,0.7612786195286193
114_457,0.7583377425044093
114_458,0.7708055174516083
114_459,0.7648663446054745
114_460,0.7609553203997647
114_461,0.7422685185185175
115_408,0.7464285714285721
115_409,0.7734197530864199
115_410,0.7567259978425024
115_411,0.7574639917695472
115_412,0.7636081623024299
115_413,0.7464636488340192
115_414,0.7608441890166027
115_415,0.7657428451178454
115_416,0.7721919191919188
115_417,0.7701454279137897
115_418,0.758099128540305
115_419,0.7676827094474153
115_420,0.7603120443277925
115_421,0.7689061154177433
115_422,0.7741893004115228
115_423,0.7656984126984125
115_424,0.760245571658615
115_425,0.7461462324393358
115_426,0.7643044619422572
115_427,0.7651770630279401
115_428,0.7576366305329723
115_429,0.7640936819172115
115_430,0.7653755144032921
115_431,0.772237654320988
115_432,0.7662610229276896
115_433,0.7713136574074076
115_434,0.7617099342332989
115_435,0.7637842190016098
115_436,0.7567912457912466
115_437,0.7638633461047251
115_438,0.7601200000000001
115_439,0.7644518518518518
115_440,0.7557964760877384
115_441,0.7543004115226339
115_442,0.7778903903903903
115_443,0.7619157088122605
115_444,0.7625189393939394
115_445,0.7554690204222912
115_446,0.7637201125175804
115_447,0.7540588010691103
115_448,0.7681039248203432
115_449,0.7483073727933542
115_450,0.7712546296296299
115_451,0.7635560923242081
115_452,0.7705405405405406
115_453,0.7677404536319266
115_454,0.7644391317547057
115_455,0.7782978080120938
115_456,0.7591473341473344
115_457,0.7625804339693227
115_458,0.7719967793880839
115_459,0.7689332900151612
115_460,0.7627125717266565
115_461,0.7145370370370401
116_408,0.7656597222222219
116_409,0.7622799028536734
116_410,0.7638069216757739
116_411,0.7539722661049674
116_412,0.7700189125295508
116_413,0.7608658327201373
116_414,0.7688568376068378
116_415,0.7614814814814814
116_416,0.7561239711934156
116_417,0.7666448801742923
116_418,0.7750478927203063
116_419,0.7702042042042045
116_420,0.7603987455197138
116_421,0.769198082010582
116_422,0.753962229556289
116_423,0.7642868745938918
116_424,0.776598440545809
116_425,0.7585273972602741
116_426,0.7628075225484551
116_427,0.7641023826374144
116_428,0.7647425925925924
116_429,0.766986531986532
116_430,0.761808726534754
116_431,0.7677914230019491
116_432,0.7664288141352362
116_433,0.7575555555555555
116_434,0.774011511511512
116_435,0.7653135802469132
116_436,0.758364470665356
116_437,0.7609454191033145
116_438,0.7649623352165715
116_439,0.7658333333333331
116_440,0.7643130921619298
116_441,0.7652298850574707
116_442,0.7705266955266957
116_443,0.7651102629346904
116_444,0.7653317901234568
116_445,0.7597424768518519
116_446,0.7571448663853722
116_447,0.7674003302665725
116_448,0.7544444444444444
116_449,0.7617472766884532
116_450,0.7672283272283271
116_451,0.7608839506172839
116_452,0.7661576497963931
116_453,0.7610458002645502
116_454,0.7641018171729784
116_455,0.766185185185185
116_456,0.7673259835711197
116_457,0.764941469967377
116_458,0.7679945286195289
116_459,0.7755771604938271
116_460,0.7458299039780519
116_461,0.7712962962963
117_408,0.7446698872785831
117_409,0.7625357535753574
117_410,0.7695636070853457
117_411,0.7599767062660141
117_412,0.7616009557945042
117_413,0.764012012012012
117_414,0.7615512614063338
117_415,0.759099415204678
117_416,0.7733734371313989
117_417,0.7685637545942889
117_418,0.7619737156511348
117_419,0.7669700292397664
117_420,0.7546221017765733
117_421,0.767968369829684
117_422,0.7674126608878384
117_423,0.7708661265432103
117_424,0.7648636363636364
117_425,0.7532275132275132
117_426,0.7595224171539962
117_427,0.7628497525865949
117_428,0.7642395316278477
117_429,0.7589263947491794
117_430,0.7699647995102539
117_431,0.7598492297607347
117_432,0.7587950617283946
117_433,0.7637590187590189
117_434,0.7476819923371649
117_435,0.7564765211640215
117_436,0.7717976056864948
117_437,0.7724237472766883
117_438,0.767985546522131
117_439,0.7673476702508966
117_440,0.7506790123456791
117_441,0.7488814814814817
117_442,0.7668027666220442
117_443,0.7558465608465609
117_444,0.7577017195767194
117_445,0.763500946201676
117_446,0.7707662037037035
117_447,0.7695853462157808
117_448,0.7630902777777778
117_449,0.7625213675213676
117_450,0.761280108780109
117_451,0.7638177840287543
117_452,0.7549313271604937
117_453,0.7528547567175017
117_454,0.7652458890425698
117_455,0.7615883504650024
117_456,0.7518106020712658
117_457,0.7595227442207311
117_458,0.7729666299963327
117_459,0.7644240944240944
117_460,0.7567418142780465
117_461,0.758703703703705
118_408,0.7369576719576721
118_409,0.7616487455197138
118_410,0.7679063180827882
118_411,0.7694760900140653
118_412,0.7672187060478203
118_413,0.7637294238683126
118_414,0.7590390147428985
118_415,0.7627359098228667
118_416,0.7636030276308056
118_417,0.7554901497241923
118_418,0.7635700757575757
118_419,0.7615221815221814
118_420,0.7644035947712419
118_421,0.7615981735159818
118_422,0.7602439939939938
118_423,0.7549074074074074
118_424,0.7712093397745574
118_425,0.7661510217113662
118_426,0.771329313809934
118_427,0.7655015432098765
118_428,0.759122990915444
118_429,0.7565780504430812
118_430,0.7614886731391582
118_431,0.7566096866096859
118_432,0.769520697167756
118_433,0.7561788913096105
118_434,0.7657165861513692
118_435,0.7615824915824911
118_436,0.7646229200214704
118_437,0.7577889335118251
118_438,0.7654012345679013
118_439,0.7700807217473888
118_440,0.7612037037037042
118_441,0.7609995251661917
118_442,0.7666376921138828
118_443,0.7654695767195765
118_444,0.7638471177944861
118_445,0.7564972724662643
118_446,0.7543383982272874
118_447,0.7611954022988504
118_448,0.7759788359788363
118_449,0.7630281207133056
118_450,0.7629765545361878
118_451,0.7552082133947422
118_452,0.7630691056910568
118_453,0.7622078812819554
118_454,0.7633448559670784
118_455,0.7572574955908294
118_456,0.7654862298195632
118_457,0.7580709876543211
118_458,0.7616782407407406
118_459,0.7646318082788675
118_460,0.7518798043326346
118_461,0.78166666666667
119_408,0.7592372134038802
119_409,0.763391156462585
119_410,0.7629344946163819
119_411,0.7655071139899241
119_412,0.7562339443820927
119_413,0.7609303350970018
119_414,0.760106459116121
119_415,0.7609083711964755
119_416,0.7633034979423869
119_417,0.7633322126968117
119_418,0.7601115691663394
119_419,0.761892736892737
119_420,0.7634417606011807
119_421,0.7649558273870201
119_422,0.7642746628328885
119_423,0.7613350931925443
119_424,0.7629486865720347
119_425,0.7583006740323815
119_426,0.7616648888888887
119_427,0.7588448414914079
119_428,0.7619308505181082
119_429,0.7663347309573726
119_430,0.7634404020539716
119_431,0.760121975308642
119_432,0.7612752902155885
119_433,0.7638481979737586
119_434,0.7608710895361382
119_435,0.7617142609899622
119_436,0.7597346786248131
119_437,0.7650368161401959
119_438,0.7631940827546299
119_439,0.7630718077175407
119_440,0.761639314859654
119_441,0.7636224134933057
119_442,0.7671047718292734
119_443,0.7651000212246633
119_444,0.7582048611111112
119_445,0.7608370669056153
119_446,0.7637349600053773
119_447,0.7661068973164782
119_448,0.7582114392873884
119_449,0.7649652294853966
119_450,0.763191433303222
119_451,0.7581627157550878
119_452,0.7616260893246185
119_453,0.7655493233618234
119_454,0.7660368839914294
119_455,0.7683914977332993
119_456,0.7644051332033791
119_457,0.76125794864327
119_458,0.7616492234169655
119_459,0.7579696795240837
119_460,0.7688814814814816
119_461,0.7505555555555566
120_410,0.7556923207611281
120_411,0.7641938997821354
120_412,0.7606047273982056
120_413,0.7589715694807081
120_414,0.7635732193732194
120_415,0.76757788474395
120_416,0.7567082590612002
120_417,0.7642537518931571
120_418,0.7652818407321873
120_419,0.7638648455084921
120_420,0.7589722006388675
120_421,0.7655763963320233
120_422,0.7631084238812944
120_423,0.7629394473838916
120_424,0.7612416176622305
120_425,0.7638492063492064
120_426,0.7649402294085129
120_427,0.7621035820214462
120_428,0.7618025455796357
120_429,0.7659883615202765
120_430,0.7618573935531542
120_431,0.769176648767727
120_432,0.7600722673893406
120_433,0.7587011807447777
120_434,0.7662837018378581
120_435,0.7610322952710495
120_436,0.7565527534113061
120_437,0.761684756736171
120_438,0.764879802162411
120_439,0.7625957115009747
120_440,0.7574750893025006
120_441,0.7641269841269841
120_442,0.7620546737213405
120_443,0.7630450027233112
120_444,0.7594750320102436
120_445,0.7620035094315976
120_446,0.7627601994930913
120_447,0.7672399905235727
120_448,0.7605509830818473
120_449,0.7678409090909091
120_450,0.7655375514403291
120_451,0.7618334091253601
120_452,0.7641800820707072
120_453,0.759132146951797
120_454,0.7617312266394837
120_455,0.7644893680742738
120_456,0.7609828617437311
120_457,0.7678086419753087
120_458,0.7666290749984592
120_459,0.7613695429989781
120_460,0.7609492196599116
120_461,0.75422839506173
69_409,0.739907407407405
69_411,0.805185185185185
69_413,0.74398148148148
69_416,0.80444444444444
69_423,0.7575000000000001
69_424,0.69777777777778
69_425,0.70925925925926
69_432,0.79944444444444
69_448,0.735092592592595
69_451,0.872777777777775
70_408,0.7710934744268075
70_409,0.7674173789173795
70_410,0.7606270753512134
70_411,0.7611164787976381
70_412,0.7612432249322496
70_413,0.7589090177133658
70_414,0.7654449360865293
70_415,0.777571262361838
70_416,0.7647061728395061
70_417,0.7649652777777778
70_418,0.7648356344510192
70_419,0.7610572139303484
70_420,0.7600785634118967
70_421,0.7622079772079772
70_422,0.7645019157088125
70_423,0.7704037037037038
70_424,0.7682389428263214
70_425,0.7583140096618359
70_426,0.770727171136654
70_427,0.7619409409409408
70_428,0.7607440624480986
70_429,0.7650809212573917
70_430,0.7677416666666665
70_431,0.7591226337448561
70_432,0.7613625730994151
70_433,0.7546342825237299
70_434,0.7554415954415955
70_435,0.7631738958209547
70_436,0.7682493942540671
70_437,0.7619702749960261
70_438,0.764292695473251
70_439,0.7591869078380706
70_440,0.7638765944367603
70_441,0.7572515236755745
70_442,0.7627987026574592
70_443,0.7647348484848485
70_444,0.7654288499025345
70_445,0.756074561403509
70_446,0.7629843304843307
70_447,0.7574879227053146
70_448,0.7651306042884991
70_449,0.7663770180436847
70_450,0.7594354548723482
70_451,0.7545105820105829
70_452,0.736925925925924
70_453,0.7386419753086422
70_454,0.753842592592592
70_455,0.7907407407407401
70_456,0.7715674603174604
70_457,0.7860740740740754
70_458,0.7759876543209878
70_459,0.7509259259259267
71_408,0.7710648148148149
71_409,0.7669542947202526
71_410,0.7629238601150953
71_411,0.7608314436885862
71_412,0.7635702614379086
71_413,0.7596511476264997
71_414,0.7574193087689234
71_415,0.7559170841929462
71_416,0.760937037037037
71_417,0.7609616858237549
71_418,0.7635157952069718
71_419,0.759062684552434
71_420,0.760738017429194
71_421,0.7661117820719273
71_422,0.7618239921337268
71_423,0.7666106701940036
71_424,0.757941261574074
71_425,0.7590324594257178
71_426,0.7590134757182813
71_427,0.7646270504487777
71_428,0.7673883040935673
71_429,0.764958605664488
71_430,0.7655037238325282
71_431,0.7611216679862759
71_432,0.7626180005863387
71_433,0.7658828988441745
71_434,0.7721288849170886
71_435,0.7614899417183683
71_436,0.7606026640675764
71_437,0.763270839077291
71_438,0.7642144726247982
71_439,0.7673906593932437
71_440,0.7620622895622896
71_441,0.7663929366524993
71_442,0.7561545138888889
71_443,0.7616150026838432
71_444,0.7611955679528903
71_445,0.7713616557734204
71_446,0.7677475702653008
71_447,0.754617746088334
71_448,0.7655649428230074
71_449,0.7602754744794546
71_450,0.7584436274509805
71_451,0.7678455284552851
71_452,0.7482185185185192
71_453,0.7962962962962943
71_454,0.7553508771929817
71_455,0.7706288580246913
71_456,0.7698879142300198
71_457,0.7475000000000013
71_458,0.7598933782267115
71_459,0.740111111111109
71_460,0.8166049382716056
72_408,0.7688961510530141
72_409,0.7659640211640215
72_410,0.7688792102206736
72_411,0.7643132716049384
72_412,0.7648399246704332
72_413,0.7548703703703706
72_414,0.7680711242215669
72_415,0.7654955659885238
72_416,0.7616323178016728
72_417,0.7593941746137355
72_418,0.7627062392465818
72_419,0.7637749287749286
72_420,0.762370807385557
72_421,0.7669690701339641
72_422,0.7575857169050236
72_423,0.7602863247863247
72_424,0.7672748217701268
72_425,0.7667456324248778
72_426,0.7597323633156969
72_427,0.7618619162640903
72_428,0.7606310013717422
72_429,0.7634311277569705
72_430,0.760989417989418
72_431,0.7653872053872055
72_432,0.767661230882624
72_433,0.7652509803921572
72_434,0.7600319906280978
72_435,0.7684188900146345
72_436,0.7624855870020965
72_437,0.7603717523493644
72_438,0.7584485960887142
72_439,0.7650037037037036
72_440,0.7656912223578891
72_441,0.7593033966609096
72_442,0.7660957464014228
72_443,0.7593397041356224
72_444,0.7608718617946806
72_445,0.7602299484915377
72_446,0.7611452241715398
72_447,0.7604152390275736
72_448,0.7654829339143061
72_449,0.7583571071071069
72_450,0.758969696969697
72_451,0.7534962962962974
72_455,0.7578395061728399
72_456,0.7634040404040405
72_457,0.754216049382716
72_458,0.7751587301587314
72_459,0.765907407407408
73_408,0.7521877691645141
73_409,0.760539591315453
73_410,0.7574476650563609
73_411,0.7602685503372791
73_412,0.759105691056911
73_413,0.7638810541310542
73_414,0.7739981877902368
73_415,0.7628491512345681
73_416,0.7668338108882522
73_417,0.7661245920249753
73_418,0.7630720818618132
73_419,0.7620075216604781
73_420,0.7603506610823684
73_421,0.7581638418079099
73_422,0.7652963849016481
73_423,0.7590652155572432
73_424,0.7635426516942475
73_425,0.7596506914639964
73_426,0.7650915233940638
73_427,0.7586221454615237
73_428,0.7651392301392302
73_429,0.7577239964515414
73_430,0.7595331246739697
73_431,0.7655734602005319
73_432,0.7658382936507935
73_433,0.7641878994834078
73_434,0.7638763532763533
73_435,0.7649345417925479
73_436,0.7655250544662309
73_437,0.7656546755632918
73_438,0.7564839839839843
73_439,0.7598491348491351
73_440,0.7574901960784316
73_441,0.7716646316646316
73_442,0.758910830261541
73_443,0.7595122143420019
73_444,0.7586968870711205
73_445,0.7653517899170074
73_446,0.7574996368917938
73_447,0.7597571892133826
73_448,0.7591203703703705
73_449,0.7579305078274153
73_450,0.754789094650206
73_451,0.7860690235690232
73_456,0.73929012345679
73_457,0.7659661835748794
73_458,0.7424237472766885
74_408,0.7516872427983537
74_409,0.7612570517537403
74_410,0.7552636380222587
74_411,0.7625572916666666
74_412,0.7623675097862088
74_413,0.7629119425548001
74_414,0.7592888165038
74_415,0.7618777518777519
74_416,0.7705012771392081
74_417,0.7678925837951968
74_418,0.7596076361397026
74_419,0.761521021021021
74_420,0.7644723490613899
74_421,0.7637991333952338
74_422,0.7611432990552629
74_423,0.7656977047470006
74_424,0.7624509495331027
74_425,0.769119592281357
74_426,0.7642053620784965
74_427,0.7630145031763154
74_428,0.7543264840182647
74_429,0.757811447811448
74_430,0.7635351562499998
74_431,0.7680356394129977
74_432,0.7614514514514519
74_433,0.7532865693976802
74_434,0.7655395222061887
74_435,0.7589527458492974
74_436,0.7635382190701342
74_437,0.7606786179150398
74_438,0.7553589902751918
74_439,0.7591252072968492
74_440,0.758885438233264
74_441,0.7695017636684304
74_442,0.7578746971270336
74_443,0.7588369898560984
74_444,0.7598427854938272
74_445,0.7647430329352155
74_446,0.7650631881881882
74_447,0.7688144122383254
74_448,0.7687564206542307
74_449,0.7571810699588478
74_450,0.770751424501425
74_451,0.755692431561997
74_457,0.76462962962963
74_458,0.7706944444444436
74_459,0.7422716049382706
75_408,0.7592952674897133
75_409,0.7595847711065102
75_410,0.762210930442638
75_411,0.7671628112754394
75_412,0.761938997821351
75_413,0.7645006449235308
75_414,0.7580348258706467
75_415,0.7585872792623848
75_416,0.7647906976744189
75_417,0.7593974886567482
75_418,0.7630651340996171
75_419,0.763995623865941
75_420,0.7672312069481881
75_421,0.7611069958847737
75_422,0.7618372734436563
75_423,0.7627253359554247
75_424,0.7635042368846997
75_425,0.769063981042654
75_426,0.7626694417760701
75_427,0.7617678010113432
75_428,0.7576610694295582
75_429,0.7720003413551803
75_430,0.7629748062015504
75_431,0.7604675925925923
75_432,0.7620505050505054
75_433,0.7597306397306396
75_434,0.7608423229054296
75_435,0.767377616747182
75_436,0.7715541310541312
75_437,0.7646515679442509
75_438,0.7603873456790123
75_439,0.7689000202388179
75_440,0.7615117633356625
75_441,0.7518617472434269
75_442,0.7644227560894229
75_443,0.7647689011325377
75_444,0.7550460157126824
75_445,0.7627768424990645
75_446,0.7612147745571659
75_447,0.770115984405458
75_448,0.7650477430555556
75_449,0.7518985808238146
75_450,0.7547931134259256
75_451,0.7656816961889426
75_452,0.7939583333333321
75_453,0.95388888888889
75_457,0.7575771604938275
75_458,0.75991452991453
75_459,0.7904629629629625
75_460,0.7568650793650785
75_461,0.79111111111111
76_408,0.7733445566778897
76_409,0.7686684303350968
76_410,0.7667926259592927
76_411,0.765003035822708
76_412,0.7637342847434593
76_413,0.7613259958071281
76_414,0.7580612633181125
76_415,0.7563658322353979
76_416,0.7633031869078384
76_417,0.760994333886125
76_418,0.7672126105344097
76_419,0.7583696916812098
76_420,0.7577431885908898
76_421,0.7614208754208754
76_422,0.7637247954104445
76_423,0.7634157817491151
76_424,0.7655011179158163
76_425,0.7624069444444445
76_426,0.7659384103204329
76_427,0.768635724331927
76_428,0.7672713288368241
76_429,0.7606924659702439
76_430,0.7637256235827663
76_431,0.7642418300653596
76_432,0.7682519332519332
76_433,0.7670161711006781
76_434,0.7659975445058319
76_435,0.759565292992523
76_436,0.7634889612739776
76_437,0.7615960609438872
76_438,0.7669123579024572
76_439,0.7667336860670195
76_440,0.7567447568049978
76_441,0.7570142059868092
76_442,0.7663703703703705
76_443,0.7622139303482584
76_444,0.7731466899970839
76_445,0.7596580156799138
76_446,0.7621457586618872
76_447,0.7608159722222223
76_448,0.7663292995966262
76_449,0.7702054398148152
76_450,0.769653043848446
76_451,0.7579835390946499
76_452,0.7655038759689932
76_453,0.7388425925925926
76_459,0.7527598566308242
76_460,0.7520801033591736
76_461,0.7492592592592601
77_408,0.7629379379379378
77_409,0.762663435247328
77_410,0.7652290013227514
77_411,0.7606937095825986
77_412,0.7662759142790588
77_413,0.7570508274231682
77_414,0.7680682261208578
77_415,0.7619969536636201
77_416,0.7654581618655694
77_417,0.7666711521209791
77_418,0.7614224080711536
77_419,0.7620333627278072
77_420,0.7663025314877167
77_421,0.7689780288763338
77_422,0.7626924001924003
77_423,0.7646403909963233
77_424,0.7630496579381931
77_425,0.7621636636636633
77_426,0.7554990806409246
77_427,0.7624053649237471
77_428,0.7644134727061561
77_429,0.7713617984797022
77_430,0.7620871700429709
77_431,0.7562342682488311
77_432,0.7623303069606574
77_433,0.7630370370370374
77_434,0.769902584876543
77_435,0.7614507678410118
77_436,0.7646846846846846
77_437,0.7617429929929931
77_438,0.7632175925925924
77_439,0.7686697308819609
77_440,0.7675094482237338
77_441,0.7650591253904512
77_442,0.767137004260898
77_443,0.764687100893997
77_444,0.7455555555555554
77_445,0.7677905491698596
77_446,0.7617600934267602
77_447,0.7708045267489715
77_448,0.7578369125427951
77_449,0.7584164070612671
77_450,0.7610964912280704
77_451,0.7650586419753084
77_452,0.7708528265107212
78_408,0.7508974358974366
78_409,0.7646331236897279
78_410,0.7659706257982117
78_411,0.7605916049382716
78_412,0.766104685126767
78_413,0.7624179201035097
78_414,0.7604834307992201
78_415,0.7641273958783686
78_416,0.7677982628646346
78_417,0.7621135128302365
78_418,0.7761414261236322
78_419,0.7623480531813865
78_420,0.7636668033347
78_421,0.7626305457400863
78_422,0.7596506380329913
78_423,0.7702797906602256
78_424,0.7608708112874781
78_425,0.7626164090599784
78_426,0.7606366092536304
78_427,0.7645439107229502
78_428,0.7647162613257037
78_429,0.7723788015657932
78_430,0.7651398997250529
78_431,0.7656503527336863
78_432,0.7598707643814028
78_433,0.761238149412211
78_434,0.7623607014093742
78_435,0.7626814814814814
78_436,0.7616147397397395
78_437,0.7619293406882062
78_438,0.757139060356653
78_439,0.7695043836106639
78_440,0.7622204066811908
78_441,0.754543422733078
78_442,0.7616601307189548
78_443,0.7551264679313459
78_444,0.7605171394799056
78_445,0.7564679783950617
78_446,0.7628132387706861
78_447,0.7467040434930341
78_448,0.7616422082459813
78_449,0.7694888117283948
78_450,0.7568195937873357
78_451,0.7595083014048534
78_452,0.7828441127694856
78_453,0.7634502923976605
79_408,0.7594189016602817
79_409,0.7565468409586057
79_410,0.7705283224400874
79_411,0.7657154594867905
79_412,0.760806267806268
79_413,0.7605950720595072
79_414,0.7671205886020701
79_415,0.7671502057613171
79_416,0.7608773894862607
79_417,0.7621347065080747
79_418,0.7559386574074076
79_419,0.7541337895866882
79_420,0.7560572888159097
79_421,0.7598719537381249
79_422,0.7647894983591186
79_423,0.7608141692891149
79_424,0.7672476058613127
79_425,0.7635800191335245
79_426,0.7679519306540581
79_427,0.7606034641606784
79_428,0.7573532068654021
79_429,0.7635185185185187
79_430,0.7659127412201847
79_431,0.767072440087146
79_432,0.762159090909091
79_433,0.761544662309368
79_434,0.7631422924901187
79_435,0.7578066847335141
79_436,0.763116531165312
79_437,0.761437799926172
79_438,0.7647667147667149
79_439,0.7582830892908413
79_440,0.7664435242696113
79_441,0.7666119162640903
79_442,0.759263500141363
79_443,0.7602305616875159
79_444,0.7683662016995347
79_445,0.7639741231297522
79_446,0.7649327539830332
79_447,0.7568643904320987
79_448,0.7629032258064513
79_449,0.7483179012345684
79_450,0.7632445046672692
79_451,0.7683698985609817
79_452,0.7704820693709583
79_453,0.7582470826991374
80_408,0.7668069584736255
80_409,0.7590099154272377
80_410,0.7657168825266986
80_411,0.7601858660130718
80_412,0.7673805689747719
80_413,0.7642705586942874
80_414,0.7628937908496731
80_415,0.7668424845078541
80_416,0.7628386428386429
80_417,0.7659458832265849
80_418,0.7641172659540005
80_419,0.7676676510397442
80_420,0.76432905982906
80_421,0.7633473625140296
80_422,0.7653381081429861
80_423,0.7602379240081506
80_424,0.7638641364136411
80_425,0.7640112085769979
80_426,0.7557088428141061
80_427,0.766856452726018
80_428,0.7626907249129469
80_429,0.7634138888888891
80_430,0.7773576998050682
80_431,0.7592842280482734
80_432,0.766996632996633
80_433,0.7598225897653379
80_434,0.7644564602770713
80_435,0.7525317994762437
80_436,0.7578332517539568
80_437,0.7634676833696437
80_438,0.763869598765432
80_439,0.7628052952550944
80_440,0.7722839506172837
80_441,0.7566666666666665
80_442,0.7668738425925927
80_443,0.7700527065527067
80_444,0.7622839506172846
80_445,0.7651922064244338
80_446,0.7647928126145946
80_447,0.7650962135319677
80_448,0.7535163398692808
80_449,0.7603633822501749
80_450,0.7647957084068192
80_451,0.7564432989690719
80_452,0.7649556598852377
80_453,0.7670479302832244
81_408,0.7599294532627867
81_409,0.7601807760141095
81_410,0.7623565943992774
81_411,0.7569745222929937
81_412,0.7597376543209876
81_413,0.7634444444444444
81_414,0.7650784408863011
81_415,0.7583685782556753
81_416,0.7679215845882511
81_417,0.7621124417831003
81_418,0.7636386721169331
81_419,0.7609965706447188
81_420,0.7594339225589224
81_421,0.7647556477639466
81_422,0.7658622316584096
81_423,0.7646745822339491
81_424,0.7735743933588763
81_425,0.7640432098765432
81_426,0.7615137753557374
81_427,0.7708532494758912
81_428,0.760213608957795
81_429,0.7718296296296301
81_430,0.7705960648148146
81_431,0.757228956228956
81_432,0.7744333649889205
81_433,0.756907528443476
81_434,0.7648901098901102
81_435,0.7658904803240741
81_436,0.7614958847736627
81_437,0.760418106995885
81_438,0.760364138176638
81_439,0.7589282322615658
81_440,0.7609460235429227
81_441,0.7608047553726565
81_442,0.7623276121650109
81_443,0.7569484702093392
81_444,0.7740380658436214
81_445,0.7649387464387469
81_446,0.7688919582565992
81_447,0.7568314500941621
81_448,0.7587806267806264
81_449,0.7597129629629636
81_450,0.7628943758573393
81_451,0.7597248677248678
81_452,0.7617620650953983
81_453,0.7535858585858588
81_454,0.7494351851851849
82_408,0.7545543981481482
82_409,0.76249074074074
82_410,0.766163817663818
82_411,0.763962800519818
82_412,0.7664177292046142
82_413,0.7667706302794023
82_414,0.7631481481481479
82_415,0.7617972222222223
82_416,0.7641609073188019
82_417,0.7653944911297852
82_418,0.7647885802469132
82_419,0.765032175032175
82_420,0.7632792123109026
82_421,0.7601221840397098
82_422,0.7657062146892659
82_423,0.7632428611817927
82_424,0.760635111645942
82_425,0.7652162309368193
82_426,0.7594018617548028
82_427,0.7636282380646544
82_428,0.7708139083139082
82_429,0.7604869684499314
82_430,0.7665754290876244
82_431,0.759519230769231
82_432,0.7585769980506821
82_433,0.7665731195112637
82_434,0.7558473221422866
82_435,0.7645208333333336
82_436,0.7713489711934158
82_437,0.7591323731138543
82_438,0.7580901050304041
82_439,0.7609720620274254
82_440,0.7636911487758946
82_441,0.7594964262508125
82_442,0.7594200102880657
82_443,0.7572250280583612
82_444,0.7540967854647107
82_445,0.7568937087772707
82_446,0.7600842641583386
82_447,0.7621843434343436
82_448,0.7660465768799103
82_449,0.7674544385655497
82_450,0.7667439153439153
82_451,0.7605907172995778
82_452,0.7678463648834023
82_453,0.7610338559418315
82_454,0.7502962962962964
83_408,0.7370875420875428
83_409,0.7623015873015869
83_410,0.7653292181069962
83_411,0.7660482438157716
83_412,0.762395248784138
83_413,0.7566647866140251
83_414,0.764722939994258
83_415,0.7648670256159246
83_416,0.7568469003763126
83_417,0.7683625403927419
83_418,0.7632634730538921
83_419,0.7634962494139708
83_420,0.7611563653685842
83_421,0.7594766220120828
83_422,0.7615202868651144
83_423,0.7567516408813876
83_424,0.7621448136239128
83_425,0.7585727699530516
83_426,0.7670829687955668
83_427,0.7715613480779359
83_428,0.7769665683382497
83_429,0.7612162891046387
83_430,0.7696497272466263
83_431,0.7588359788359786
83_432,0.7699842090152171
83_433,0.7624199817101056
83_434,0.7593168996811382
83_435,0.7578982234266789
83_436,0.7651932367149759
83_437,0.7563266417678187
83_438,0.7724192084241105
83_439,0.7640343478792325
83_440,0.7640769340769343
83_441,0.7639587128111718
83_442,0.7621273712737131
83_443,0.7769568294409057
83_444,0.7627663465935072
83_445,0.7734577325417021
83_446,0.7745806550352003
83_447,0.7613642939814816
83_448,0.7676666666666669
83_449,0.7890922294843863
83_450,0.765483024691358
83_451,0.7690586419753083
83_452,0.7675688509021844
83_453,0.7644463087248322
83_454,0.7699842171717172
83_455,0.7631339031339035
83_456,0.76148148148148
84_408,0.7605376344086026
84_409,0.7609489302967563
84_410,0.760589644370739
84_411,0.7561779363461317
84_412,0.7571130767639148
84_413,0.7654616464806039
84_414,0.7660993325480957
84_415,0.7661683006535949
84_416,0.7601702069716774
84_417,0.7658227586918397
84_418,0.7662713461964961
84_419,0.7656908831908833
84_420,0.7630744380744381
84_421,0.7654859832207899
84_422,0.7561241891609124
84_423,0.7633249430660436
84_424,0.763459445108191
84_425,0.7542696629213484
84_426,0.7673763076053153
84_427,0.7590864197530865
84_428,0.770101471334348
84_429,0.7658649789029542
84_430,0.7650388007054675
84_431,0.7536156648451733
84_432,0.7564304368471039
84_433,0.7605650709998537
84_434,0.7614240659873848
84_435,0.761919262358593
84_436,0.7658922558922557
84_437,0.7664478859390367
84_438,0.7685028016946837
84_439,0.7629179179179182
84_440,0.7616038553173056
84_441,0.7606322553897181
84_442,0.7718812321937325
84_443,0.7714744933612858
84_444,0.7538190076869319
84_445,0.7571832358674466
84_446,0.7602896486229815
84_447,0.7656766829722803
84_448,0.7699355877616745
84_449,0.7742079772079767
84_450,0.7619623131903831
84_451,0.7556446319737451
84_452,0.766744444444445
84_453,0.7560428436911488
84_454,0.7655908699397069
84_455,0.7586472800925923
84_456,0.7486272141706923
85_408,0.7669828364950314
85_409,0.76108024691358
85_410,0.7588165973460091
85_411,0.7605428032823243
85_412,0.7620144927536234
85_413,0.7629361370716513
85_414,0.7617981401314733
85_415,0.7625711333651247
85_416,0.7678932831136218
85_417,0.7667569850552305
85_418,0.7616027397260275
85_419,0.7621077819392423
85_420,0.7647963522434822
85_421,0.7626198492865157
85_422,0.7567123015873014
85_423,0.7601893157097619
85_424,0.7630772261623325
85_425,0.7622129629629631
85_426,0.754622507122507
85_427,0.7590600600600599
85_428,0.7611478218306413
85_429,0.7570140683318978
85_430,0.7666732026143799
85_431,0.7661236236236241
85_432,0.7644256575415996
85_433,0.762575536062378
85_434,0.7670463965770824
85_435,0.7595220458553793
85_436,0.7631736165069499
85_437,0.7667606985223562
85_438,0.7636907968574637
85_439,0.7627863009452969
85_440,0.7640168003054599
85_441,0.7656863672182823
85_442,0.758208549050843
85_443,0.767193853427896
85_444,0.7681130604288503
85_445,0.756685185185185
85_446,0.7697011784511789
85_447,0.753556644880174
85_448,0.7672502502502501
85_449,0.7728253253253253
85_450,0.7544567901234561
85_451,0.7627183356195705
85_452,0.7593501683501686
85_453,0.7563325563325566
85_454,0.7687209513435005
85_455,0.7588327721661058
85_456,0.7649732262382862
86_408,0.7614814814814816
86_409,0.7514761904761903
86_410,0.7631980994152043
86_411,0.7630213770817799
86_412,0.7565010236367025
86_413,0.7631093044263773
86_414,0.7588421678559292
86_415,0.7580563973063975
86_416,0.7693895091263513
86_417,0.7655315904139434
86_418,0.7553738156761411
86_419,0.7565081423836287
86_420,0.7651087595532038
86_421,0.7614164609053498
86_422,0.7586243386243384
86_423,0.7740803515379786
86_424,0.7581401831939469
86_425,0.7659476796073181
86_426,0.7561483926170394
86_427,0.7665986790986792
86_428,0.7607081377151798
86_429,0.7667410213243548
86_430,0.7493079922027289
86_431,0.7648661887694148
86_432,0.7601770451770453
86_433,0.7643098384728341
86_434,0.7571186589433038
86_435,0.7626604406130268
86_436,0.7676653439153439
86_437,0.7610916179337233
86_438,0.761110076557004
86_439,0.7604316899681138
86_440,0.7660643653362104
86_441,0.7634424275760906
86_442,0.760841964846202
86_443,0.7566323110440754
86_444,0.7680009496676168
86_445,0.7603953391593843
86_446,0.7630526800092018
86_447,0.762417840375587
86_448,0.761699269692228
86_449,0.7614021164021161
86_450,0.7617755035737495
86_451,0.7564492753623192
86_452,0.7719945130315503
86_453,0.7502838045145737
86_454,0.7537945326278663
86_455,0.7616106362773026
86_456,0.7619598765432101
86_457,0.782481481481483
87_408,0.7718962962962963
87_409,0.7629301697530861
87_410,0.7530427142470945
87_411,0.7668264342774147
87_412,0.7606656656656656
87_413,0.7554202604430915
87_414,0.7622962962962962
87_415,0.7630204081632656
87_416,0.7660123456790126
87_417,0.7597120750887874
87_418,0.764279012345679
87_419,0.7598920445108787
87_420,0.7662858338564553
87_421,0.7596825396825396
87_422,0.7581929181929182
87_423,0.7622513952308476
87_424,0.7672902670111973
87_425,0.7573504273504273
87_426,0.7572668513388734
87_427,0.7547472924187728
87_428,0.7615051221434198
87_429,0.7520334295334298
87_430,0.7663980177360461
87_431,0.7650432098765428
87_432,0.7647003745318348
87_433,0.7575741967132695
87_434,0.7657511624178291
87_435,0.7677867023650156
87_436,0.7646222036572916
87_437,0.7570717287208052
87_438,0.7571399176954733
87_439,0.7593703703703705
87_440,0.763498033431662
87_441,0.7599711687735641
87_442,0.7642492492492495
87_443,0.76219310505474
87_444,0.7585210553018776
87_445,0.7672930283224403
87_446,0.7617511034350412
87_447,0.7603474514118079
87_448,0.7570661375661374
87_449,0.7716198830409357
87_450,0.7664421997755333
87_451,0.7540177923021062
87_452,0.7576870748299319
87_453,0.7631763668430337
87_454,0.7682800721075059
87_455,0.7725409544159538
87_456,0.762289189558562
87_457,0.7541577879249107
87_458,0.7244444444444467
88_408,0.7476909722222231
88_409,0.7548859455481969
88_410,0.7650030693677108
88_411,0.7589402427637723
88_412,0.75814068647402
88_413,0.7591302103497225
88_414,0.7622342249657065
88_415,0.7668422850895179
88_416,0.7559137541297167
88_417,0.762687969924812
88_418,0.7606723390056724
88_419,0.7653762596518778
88_420,0.7599744268077597
88_421,0.7635470899470904
88_422,0.7619356261022932
88_423,0.7614744668911338
88_424,0.7676627935124667
88_425,0.7584446363461905
88_426,0.7628411973617458
88_427,0.760911250873515
88_428,0.7624970449172579
88_429,0.7624402416601003
88_430,0.7671618655692728
88_431,0.7576195286195287
88_432,0.7685384894698624
88_433,0.7638067390698972
88_434,0.7597361608920746
88_435,0.7679579353108765
88_436,0.7617491508976231
88_437,0.7640997433076641
88_438,0.7616836419753087
88_439,0.7590702479338842
88_440,0.7687391646966115
88_441,0.7621978835978833
88_442,0.7615313390313391
88_443,0.7600648148148145
88_444,0.7605565302144252
88_445,0.7780077972709554
88_446,0.7762527233115467
88_447,0.7650151613601907
88_448,0.7603601766904518
88_449,0.761874485596708
88_450,0.7673288439955114
88_451,0.7599387947269305
88_452,0.7595950345950345
88_453,0.7733438335242461
88_454,0.7649333333333334
88_455,0.7514988425925921
88_456,0.769593114241002
88_457,0.7544444444444447
88_458,0.7677314814814815
89_408,0.7664616402116408
89_409,0.7657967269595174
89_410,0.7642810900331226
89_411,0.7669681541379659
89_412,0.7636220226960971
89_413,0.7613925199709518
89_414,0.7590660612535614
89_415,0.7661466049382718
89_416,0.7610828499181911
89_417,0.7720681542197938
89_418,0.760039849976559
89_419,0.7660604217356041
89_420,0.7641076817558298
89_421,0.7538601386774901
89_422,0.7705924356559951
89_423,0.7650662341173288
89_424,0.7587940100594426
89_425,0.7592645755803649
89_426,0.7535832337714062
89_427,0.7559714100064977
89_428,0.7633077050264552
89_429,0.7638373712057924
89_430,0.757381446867428
89_431,0.7601089324618738
89_432,0.7658289930555555
89_433,0.7607818930041155
89_434,0.7631205673758865
89_435,0.7650383141762452
89_436,0.7605889222555888
89_437,0.7605769547325103
89_438,0.7599936766034328
89_439,0.7671307319223986
89_440,0.7594632523148149
89_441,0.7574370370370375
89_442,0.756548353909465
89_443,0.7617915793151641
89_444,0.7528576998050681
89_445,0.7541938178780285
89_446,0.774370958259847
89_447,0.7600234142188168
89_448,0.7591603247082699
89_449,0.7731550802139037
89_450,0.7618887046250228
89_451,0.7625914423740509
89_452,0.7603132571824158
89_453,0.7578243806720624
89_454,0.7658573388203018
89_455,0.7636424984306341
89_456,0.762595860566449
89_457,0.7702910052910048
89_458,0.7689433551198253
90_408,0.7975308641975313
90_409,0.7591877842755037
90_410,0.7609432531947153
90_411,0.7645962570344195
90_412,0.7679416219193171
90_413,0.7631989511635531
90_414,0.7686659108087678
90_415,0.7593831507563904
90_416,0.7721679197994987
90_417,0.7620136307311031
90_418,0.7623862897985705
90_419,0.7615672514619879
90_420,0.766900462962963
90_421,0.7541928846409135
90_422,0.76367749825297
90_423,0.7720863201911593
90_424,0.7520555555555549
90_425,0.7621821305841922
90_426,0.7635743844403065
90_427,0.7583857089412648
90_428,0.7652207626345561
90_429,0.7631950160036581
90_430,0.7710766580534025
90_431,0.7564778144481115
90_432,0.7666208476517755
90_433,0.7617303240740739
90_434,0.762405643738977
90_435,0.7686456063907045
90_436,0.7664889745236566
90_437,0.7565950120975249
90_438,0.7623316062176168
90_439,0.763009661835749
90_440,0.7668162012279658
90_441,0.7586552259065348
90_442,0.7611239119303637
90_443,0.7664664953971311
90_444,0.7621638081034056
90_445,0.7674444444444446
90_446,0.7590292245370369
90_447,0.7658842083842082
90_448,0.760552959501558
90_449,0.7689691358024695
90_450,0.7670814814814816
90_451,0.7539132553606239
90_452,0.761669859514687
90_453,0.7549445623967913
90_454,0.7550268384326353
90_455,0.7636340468909274
90_456,0.7564197530864197
90_457,0.7684171539961018
90_458,0.7664077853363567
90_459,0.7538596491228073
91_408,0.7513374485596717
91_409,0.753776325344953
91_410,0.7733032605254831
91_411,0.7607084520417855
91_412,0.7690935293269927
91_413,0.760767763471626
91_414,0.7619526240020941
91_415,0.7617557725089107
91_416,0.7590832872673663
91_417,0.7648432514911915
91_418,0.7631996311664363
91_419,0.7709027777777779
91_420,0.7623745519713265
91_421,0.7637989758246996
91_422,0.7647409459320818
91_423,0.7668886165577347
91_424,0.766213788045471
91_425,0.7658430799220274
91_426,0.7480774410774413
91_427,0.7642012288786482
91_428,0.7650214814814814
91_429,0.7676092592592595
91_430,0.7633735909822871
91_431,0.7505949931412891
91_432,0.7636693121693119
91_433,0.7623381967826416
91_434,0.759327485380117
91_435,0.7701963708675117
91_436,0.7567472342472344
91_437,0.7679110639301723
91_438,0.7551437451437452
91_439,0.7585756317064729
91_440,0.7591886105758938
91_441,0.7640601851851854
91_442,0.7623703703703704
91_443,0.7574022092267707
91_444,0.7619285364659818
91_445,0.7623361823361825
91_446,0.7651596424010219
91_447,0.7679817374978668
91_448,0.7630743634259259
91_449,0.7606983385254419
91_450,0.7557782619220527
91_451,0.7730000000000004
91_452,0.7667010423597254
91_453,0.7637990465713236
91_454,0.7596857463524133
91_455,0.7536143945363805
91_456,0.7678091318832061
91_457,0.7605088097806543
91_458,0.7678279320987652
91_459,0.7792424242424254
91_460,0.7652380952380943
92_408,0.7636909323116213
92_409,0.7612037037037035
92_410,0.7633465608465607
92_411,0.7724331550802142
92_412,0.7721963154864713
92_413,0.7617244308528712
92_414,0.7589133811230585
92_415,0.7688389643562055
92_416,0.7652551263710059
92_417,0.7627502429543246
92_418,0.7654908226810881
92_419,0.7600342190016103
92_420,0.7690782828282828
92_421,0.7595485646288858
92_422,0.7662814020454772
92_423,0.7636708333333335
92_424,0.7595024458420686
92_425,0.7574420726144864
92_426,0.7617972459639127
92_427,0.7673859126984126
92_428,0.7567548500881838
92_429,0.763495590828924
92_430,0.753338406900051
92_431,0.7604709757834756
92_432,0.763772641254393
92_433,0.762121578099839
92_434,0.769426289034132
92_435,0.7585123042505592
92_436,0.7638432267884323
92_437,0.7595143856302655
92_438,0.7677248677248679
92_439,0.7672472222222221
92_440,0.7624994248907294
92_441,0.7691330791575887
92_442,0.7657919030141255
92_443,0.7667903563941301
92_444,0.7650655864197534
92_445,0.761295010288066
92_446,0.7606802469135803
92_447,0.7639257655924323
92_448,0.7656294671864844
92_449,0.7637064137308043
92_450,0.7638083213083214
92_451,0.7645068365856894
92_452,0.7665253772290809
92_453,0.7648482417435484
92_454,0.7645602948920489
92_455,0.7623208635771451
92_456,0.7697069399496582
92_457,0.7592905405405406
92_458,0.7688328236493374
92_459,0.785725308641975
93_408,0.740032206119163
93_409,0.7657840501792117
93_410,0.7553409961685825
93_411,0.7597414395527604
93_412,0.7683572736234334
93_413,0.7631870304468169
93_414,0.7659596517046848
93_415,0.7681537290715372
93_416,0.767991297308237
93_417,0.7652257257257253
93_418,0.7618477366255147
93_419,0.7652040977147361
93_420,0.7606679565137278
93_421,0.7624306718779076
93_422,0.7654968776916451
93_423,0.76212215320911
93_424,0.7639294481801687
93_425,0.7726301476301477
93_426,0.7591279887482417
93_427,0.7596053997923158
93_428,0.7633684546615581
93_429,0.7677633944624238
93_430,0.7621984369690792
93_431,0.7625630417651692
93_432,0.762586805555556
93_433,0.7577263765666808
93_434,0.7627991452991453
93_435,0.7653703703703703
93_436,0.761665116999845
93_437,0.7717543341213551
93_438,0.758751902587519
93_439,0.766300375265133
93_440,0.7664717348927876
93_441,0.7615562913907284
93_442,0.7605491477636807
93_443,0.7659584236046633
93_444,0.7617796799820972
93_445,0.767056654111739
93_446,0.7624042418486864
93_447,0.7539153439153441
93_448,0.7595330687830689
93_449,0.7697184757011346
93_450,0.7724736415247366
93_451,0.7621736340300697
93_452,0.767870757787076
93_453,0.7570046140416511
93_454,0.7608149395186433
93_455,0.7590362139917696
93_456,0.7650421236687328
93_457,0.7639185594434214
93_458,0.7561222000443558
93_459,0.7572537431048072
94_408,0.7707804232804236
94_409,0.7668700667880994
94_410,0.7621682098765429
94_411,0.7690989782886336
94_412,0.7662446393762183
94_413,0.7663851851851851
94_414,0.7638980868285502
94_415,0.759759067025503
94_416,0.7622686583864832
94_417,0.7622953625894804
94_418,0.765145440251572
94_419,0.7677965432098769
94_420,0.7662911522633745
94_421,0.7586512561512561
94_422,0.7636018198128927
94_423,0.7627364554637279
94_424,0.7653967147063382
94_425,0.7614988425925928
94_426,0.7626335282651072
94_427,0.7617659932659931
94_428,0.7697906602254426
94_429,0.7580568974771879
94_430,0.7610948667966215
94_431,0.7565421173385773
94_432,0.7620846560846561
94_433,0.7649685746352417
94_434,0.7653067714178825
94_435,0.760578034682081
94_436,0.7598170916818461
94_437,0.7572308757355489
94_438,0.7589314901756219
94_439,0.7655448512095911
94_440,0.7662597718826093
94_441,0.7703697898525488
94_442,0.761585185185185
94_443,0.7652683667273834
94_444,0.7597701495533473
94_445,0.7613572984749457
94_446,0.7558202495974232
94_447,0.7714711934156381
94_448,0.771001481481481
94_449,0.770135416666667
94_450,0.7612952843553932
94_451,0.7629193376068378
94_452,0.7642664161746285
94_453,0.7666228070175438
94_454,0.7683983686067021
94_455,0.7666368199701533
94_456,0.7638180610889774
94_457,0.7659700176366852
94_458,0.7646328784925275
94_459,0.7695393518518523
94_460,0.7452116402116407
95_408,0.7719783197831971
95_409,0.758795027904617
95_410,0.7675704923030026
95_411,0.7694513543394145
95_412,0.7626253687315636
95_413,0.760516516516517
95_414,0.7604325304325301
95_415,0.7595364318566934
95_416,0.7573544973544976
95_417,0.7639314715785305
95_418,0.7579203409758964
95_419,0.7646042742008512
95_420,0.759346080497842
95_421,0.7615041216765356
95_422,0.75878216222453
95_423,0.76913903823178
95_424,0.7620039682539683
95_425,0.7635876174682149
95_426,0.7681219701376771
95_427,0.7552037037037043
95_428,0.7684932659932663
95_429,0.7611603805640504
95_430,0.7552361782071929
95_431,0.7611459322570433
95_432,0.7668058581457274
95_433,0.7558392687559359
95_434,0.7610049019607842
95_435,0.758854556803995
95_436,0.7708838838838843
95_437,0.7625788751714682
95_438,0.7505987190197716
95_439,0.7603747534516768
95_440,0.7608644819935144
95_441,0.7678908774546359
95_442,0.7666517237698793
95_443,0.7696424010217114
95_444,0.7673211900425015
95_445,0.7647551169590644
95_446,0.760726778365667
95_447,0.7708896296296295
95_448,0.7597849091327352
95_449,0.7549612684580007
95_450,0.7623202614379087
95_451,0.7628235117708801
95_452,0.7639278365667255
95_453,0.7638663342830014
95_454,0.766258954427679
95_455,0.7675121501592089
95_456,0.7719576719576718
95_457,0.7653106825834096
95_458,0.7680017921146949
95_459,0.7429835390946511
95_460,0.777037037037037
96_408,0.7631255645889795
96_409,0.7622323693556573
96_410,0.7629403581985741
96_411,0.7655724867724868
96_412,0.7616582235731173
96_413,0.7615082304526752
96_414,0.767281937734837
96_415,0.7577150886294858
96_416,0.7598885350318471
96_417,0.7612693074240159
96_418,0.7607976554536187
96_419,0.7644116101917522
96_420,0.7620173671080404
96_421,0.7590072667604313
96_422,0.761320521102498
96_423,0.7550054068667207
96_424,0.7695881955014376
96_425,0.7666201227965934
96_426,0.7660402199074074
96_427,0.7608728473696625
96_428,0.7657117661879568
96_429,0.7563665980795611
96_430,0.7606941914592185
96_431,0.7660408684546618
96_432,0.7670197395197396
96_433,0.7622937487752304
96_434,0.7653673178673178
96_435,0.760401795735129
96_436,0.7671893274853797
96_437,0.7628530092592599
96_438,0.7658854652972304
96_439,0.7657109227871939
96_440,0.7561144578313259
96_441,0.7579082039028274
96_442,0.7643346185302021
96_443,0.7613043748446433
96_444,0.763436026936027
96_445,0.7656535158346751
96_446,0.7644928089601629
96_447,0.7632551032881068
96_448,0.7645643485211833
96_449,0.7500328407224959
96_450,0.7585635964912281
96_451,0.7648382290336314
96_452,0.7615612024580636
96_453,0.7525263911254251
96_454,0.760034435261708
96_455,0.766616161616162
96_456,0.757051561365287
96_457,0.7471193415637859
96_458,0.7552234993614311
97_408,0.7608449074074078
97_409,0.7674978127734035
97_410,0.7638838013838014
97_411,0.7666337572512272
97_412,0.761866096866097
97_413,0.7638361625514404
97_414,0.7644350617283949
97_415,0.7681494431494431
97_416,0.7629530318962496
97_417,0.7595129811183733
97_418,0.7650391560714944
97_419,0.7649455087271181
97_420,0.7563790560471976
97_421,0.7590606282850506
97_422,0.7575451430077766
97_423,0.7619615624027388
97_424,0.7680561236082707
97_425,0.7590497685185187
97_426,0.7603956834532377
97_427,0.7687413429689853
97_428,0.7661824751580848
97_429,0.7601089891975311
97_430,0.7575414107574913
97_431,0.7544615761135589
97_432,0.7620264274691361
97_433,0.7611764076214942
97_434,0.7670875420875419
97_435,0.7558524640342823
97_436,0.761879948914432
97_437,0.7645934280144808
97_438,0.7621140939597317
97_439,0.7617813051146389
97_440,0.7588679640092069
97_441,0.7595231071779747
97_442,0.7659188773548632
97_443,0.7694828440480617
97_444,0.762878715625497
97_445,0.7609705937092877
97_446,0.7729302832244008
97_447,0.756503392705683
97_448,0.7631397729387679
97_449,0.7609884559884561
97_450,0.7584741955069824
97_451,0.7662860082304525
97_452,0.7592772067221407
97_453,0.7681321321321325
97_454,0.7636629289840299
97_455,0.7502910052910043
97_456,0.7606944444444447
97_457,0.7690845070422535
97_458,0.7570814814814816
97_459,0.9057407407407425
98_408,0.7684457671957672
98_409,0.7617695473251029
98_410,0.759627110103301
98_411,0.7601444571719488
98_412,0.7586501561802769
98_413,0.7592692485016141
98_414,0.7611723753829017
98_415,0.7671442743764174
98_416,0.7624544544544547
98_417,0.762478058627348
98_418,0.7642492074538002
98_419,0.7634836228091048
98_420,0.7593620435423712
98_421,0.7740791476407914
98_422,0.764445623967917
98_423,0.7622025089605734
98_424,0.7634932249322495
98_425,0.769152777777778
98_426,0.7656098339719033
98_427,0.7606044723969251
98_428,0.7630825396825396
98_429,0.7588877995642705
98_430,0.7591430646332606
98_431,0.7607345906792402
98_432,0.7603695922813567
98_433,0.7667899305555553
98_434,0.7651843937955051
98_435,0.757687049465573
98_436,0.7552150136713894
98_437,0.7654266117969822
98_438,0.7640201128280604
98_439,0.7652263374485596
98_440,0.7593259573132456
98_441,0.7561045751633986
98_442,0.7624942369755648
98_443,0.7658949181739881
98_444,0.759637426900585
98_445,0.7624129908803279
98_446,0.7702423411065386
98_447,0.7617521367521372
98_448,0.7678223159868729
98_449,0.7574133811230586
98_450,0.7634839762041837
98_451,0.7610577655845145
98_452,0.7646749811035524
98_453,0.7662727558066539
98_454,0.757422586520947
98_459,0.7528439153439143
98_460,0.7504166666666675
99_408,0.7686111111111114
99_409,0.7665886939571148
99_410,0.7641400709219858
99_411,0.7603960237293572
99_412,0.7668870266914966
99_413,0.7630288461538465
99_414,0.7603639353639353
99_415,0.7682891678289169
99_416,0.7643449527959333
99_417,0.7589585146504207
99_418,0.7677698975571315
99_419,0.7656465517241379
99_420,0.7619042708601873
99_421,0.7586996086996087
99_422,0.7662164559769353
99_423,0.764101991438675
99_424,0.7632577160493825
99_425,0.7634190805591584
99_426,0.7613515067862893
99_427,0.7531930415263752
99_428,0.7657861952861953
99_429,0.7631109419922206
99_430,0.7654054054054054
99_431,0.7627818527574028
99_432,0.7663712026633374
99_433,0.7656532180595581
99_434,0.7595658436213993
99_435,0.761941251596424
99_436,0.7645547879485706
99_437,0.7785223765432102
99_438,0.755341798941799
99_439,0.753190883190883
99_440,0.7590322171486555
99_441,0.7598728020950245
99_442,0.7707599676178911
99_443,0.7605600907029479
99_444,0.7677911848500084
99_445,0.7607066276803119
99_446,0.760090845562544
99_447,0.7623806584362142
99_448,0.7734820886460232
99_449,0.7645660856935363
99_450,0.7653150781112869
99_451,0.7579259259259262
99_452,0.7676538231780166
99_453,0.7632727072310407
99_454,0.7712810457516345
