geopixel,auc
100_408,0.7714285714285714
100_409,0.9176201372997712
100_410,0.7361853832442068
100_411,0.8361976369495167
100_412,0.8634984833164813
100_413,0.7663157894736842
100_414,0.8356854838709677
100_415,0.8855967078189301
100_416,0.8413793103448275
100_417,0.8367003367003367
100_418,0.799890350877193
100_419,0.8732545649838883
100_420,0.8331611570247933
100_421,0.7949260042283298
100_422,0.811965811965812
100_423,0.8413978494623655
100_424,0.8437500000000001
100_425,0.8315789473684211
100_426,0.8842592592592593
100_427,0.8560606060606061
100_428,0.8920000000000001
100_429,0.9455535390199636
100_430,0.838392857142857
100_431,0.8215739484396201
100_432,0.8659574468085107
100_433,0.8242835595776772
100_434,0.8620689655172414
100_435,0.925
100_436,0.84
100_437,0.7880434782608696
100_438,0.8181818181818182
100_439,0.8276923076923077
100_440,0.8839285714285714
100_441,0.7976190476190477
100_442,0.8787878787878788
100_443,0.6539589442815249
100_444,0.8333333333333334
100_445,0.8119601328903654
100_446,0.8514492753623188
100_447,0.74
100_448,0.8489702517162472
100_449,0.7647058823529411
100_450,0.7919799498746867
100_451,0.7819548872180451
100_452,0.9251336898395722
100_453,0.8770833333333334
100_454,0.8571428571428571
100_455,1.0
100_456,-1.0
101_408,0.875
101_409,0.7967032967032968
101_410,0.8921875
101_411,0.7735849056603774
101_412,0.7602820211515864
101_413,0.7523629489603024
101_414,0.8518518518518519
101_415,0.8595959595959596
101_416,0.7106250000000001
101_417,0.7748275862068965
101_418,0.881101376720901
101_419,0.8140916808149407
101_420,0.8664285714285714
101_421,0.7720588235294118
101_422,0.8058943089430893
101_423,0.9199999999999999
101_424,0.8571428571428571
101_425,0.8400000000000001
101_426,0.888888888888889
101_427,0.8461538461538463
101_428,0.8546195652173914
101_429,0.7513368983957219
101_430,0.9148073022312373
101_431,0.8467105263157895
101_432,0.7617349970291147
101_433,0.815803244374673
101_434,0.7963133640552995
101_435,0.7780748663101604
101_436,0.7717391304347825
101_437,0.8659611992945326
101_438,0.8496732026143792
101_439,0.8458333333333333
101_440,1.0
101_441,0.8782051282051282
101_442,0.9127272727272726
101_443,0.7675606641123883
101_444,0.8496732026143791
101_445,0.8458035133376709
101_446,0.8225913621262458
101_447,0.8446455505279035
101_448,0.8917378917378918
101_449,0.8839285714285714
101_450,0.8195488721804511
101_451,0.825
101_452,0.8099173553719008
101_453,0.8040540540540541
101_454,0.8189102564102565
101_455,0.7222222222222222
101_456,-1.0
102_408,0.7600000000000001
102_409,0.9090909090909091
102_410,0.650909090909091
102_411,0.8938869665513264
102_412,0.8452380952380952
102_413,0.8323045267489713
102_414,0.7873170731707317
102_415,0.7888372093023256
102_416,0.78515625
102_417,0.7983739837398374
102_418,0.86907970735464
102_419,0.8042526579111945
102_420,0.8177387914230019
102_421,0.8787878787878788
102_422,0.8545454545454545
102_423,0.7888888888888889
102_424,0.9083333333333333
102_425,0.9
102_426,0.92
102_427,0.84
102_428,0.6938775510204082
102_429,0.8588235294117648
102_430,0.7123015873015873
102_431,0.7944444444444445
102_432,0.7760416666666667
102_433,0.8997975708502025
102_434,0.9003623188405797
102_435,0.8225
102_436,0.7941176470588236
102_437,0.7809523809523811
102_438,0.8352941176470589
102_439,0.8972222222222223
102_440,0.8051948051948052
102_441,0.7222222222222222
102_442,0.7428571428571429
102_443,0.7676767676767677
102_444,0.7493606138107416
102_445,0.8804347826086958
102_446,0.8295739348370927
102_447,0.8307783018867925
102_448,0.9069627851140456
102_449,0.8609467455621302
102_450,0.8598901098901098
102_451,0.7585185185185186
102_452,0.8868778280542986
102_453,0.8448275862068966
102_454,0.9225874867444326
102_455,0.8477951635846372
102_456,0.7521008403361344
102_457,0.9090909090909091
102_458,0.39999999999999997
102_459,-1.0
103_408,0.5
103_409,0.9368421052631579
103_410,0.7919799498746867
103_411,0.7684275184275184
103_412,0.8439849624060151
103_413,0.8226711560044894
103_414,0.8520833333333333
103_415,0.833939393939394
103_416,0.762987012987013
103_417,0.8015988372093024
103_418,0.8504464285714286
103_419,0.8655700510493477
103_420,0.9006734006734007
103_421,0.9166666666666667
103_422,0.9215686274509804
103_423,0.8994082840236686
103_424,0.8877551020408162
103_425,0.6125
103_426,0.8520710059171597
103_427,0.85
103_428,0.8018518518518518
103_429,0.925
103_430,0.796078431372549
103_431,0.782608695652174
103_432,0.8594164456233422
103_433,0.8414351851851852
103_434,0.8915470494417863
103_435,0.8746081504702194
103_436,0.8854166666666667
103_437,0.8888888888888888
103_438,0.8901098901098902
103_439,0.6326530612244898
103_440,0.4
103_441,1.0
103_442,0.9047619047619048
103_443,0.7083333333333334
103_444,0.8777777777777778
103_445,0.8209876543209877
103_446,0.6560846560846562
103_447,0.7978395061728395
103_448,0.8696581196581197
103_449,0.8528428093645485
103_450,0.8709677419354839
103_451,0.8006993006993007
103_452,0.6909090909090909
103_453,0.787878787878788
103_454,0.8460278460278461
103_455,0.7119341563786008
103_456,0.8015151515151515
103_457,0.8653225806451613
103_458,0.8517647058823529
103_459,0.6333333333333333
103_460,0.5
104_408,0.95
104_409,0.8424242424242424
104_410,0.9236111111111112
104_411,0.8712121212121213
104_412,0.7885304659498208
104_413,0.8571428571428571
104_414,0.775892857142857
104_415,0.8994307400379506
104_416,0.8207236842105263
104_417,0.8303030303030303
104_418,0.7852960312296682
104_419,0.8208168642951252
104_420,0.8666666666666665
104_421,0.8879551820728291
104_422,0.8970588235294117
104_423,0.8363636363636364
104_424,0.846938775510204
104_425,0.8487394957983193
104_426,0.8944444444444444
104_427,0.8095238095238095
104_428,0.6802721088435374
104_429,0.8140495867768595
104_430,0.6866666666666666
104_431,0.7806324110671936
104_432,0.7479166666666667
104_433,0.7635746606334842
104_434,0.8174603174603176
104_435,0.868945868945869
104_436,0.8511904761904762
104_437,0.8093645484949832
104_438,0.7202380952380952
104_439,0.8333333333333334
104_440,0.8928571428571429
104_441,0.8392857142857142
104_442,-1.0
104_443,0.5
104_444,0.953125
104_445,0.6529411764705881
104_446,0.8503401360544218
104_447,0.7446969696969697
104_448,0.8897435897435897
104_449,0.8370535714285714
104_450,0.8055555555555556
104_451,0.7881944444444444
104_452,0.8227513227513227
104_453,0.7435897435897436
104_454,0.8938938938938938
104_455,0.8927083333333333
104_456,0.7357320099255583
104_457,0.8798185941043084
104_458,0.903225806451613
104_459,0.7592592592592593
104_460,0.8
104_461,-1.0
105_408,0.9375
105_409,0.8306878306878307
105_410,0.7638888888888888
105_411,0.8541666666666667
105_412,0.8150537634408602
105_413,0.862962962962963
105_414,0.8311111111111111
105_415,0.6958333333333334
105_416,0.8172043010752688
105_417,0.8861788617886179
105_418,0.8631239935587761
105_419,0.882716049382716
105_420,0.7541666666666667
105_421,0.7828054298642534
105_422,0.8173076923076923
105_423,0.7761904761904762
105_424,0.7840909090909091
105_425,0.8851851851851852
105_426,0.8666666666666667
105_427,0.8923076923076924
105_428,0.7467948717948718
105_429,0.8805555555555555
105_430,0.8836363636363637
105_431,0.896969696969697
105_432,0.8609374999999999
105_433,0.8557422969187676
105_434,0.9119318181818181
105_435,0.8844444444444445
105_436,0.7950354609929079
105_437,0.7784679089026915
105_438,0.7982954545454546
105_439,0.7922077922077921
105_440,0.8506493506493508
105_441,0.7076923076923077
105_442,0.859375
105_443,0.8347107438016529
105_444,0.7820069204152249
105_445,0.858974358974359
105_446,0.8479623824451412
105_447,0.8497435897435898
105_448,0.8577922077922078
105_449,0.8590225563909775
105_450,0.8226120857699805
105_451,0.9347826086956522
105_452,0.8280542986425339
105_453,0.9031578947368422
105_454,0.8545454545454546
105_455,0.8799743260590501
105_456,0.8512880562060889
105_457,0.8001867413632119
105_458,0.8617924528301887
105_459,0.783068783068783
105_460,0.8257575757575757
105_461,-1.0
106_408,-1.0
106_409,0.9555555555555556
106_410,0.68359375
106_411,0.8793402777777778
106_412,0.8497246262785209
106_413,0.7720588235294118
106_414,0.8518518518518519
106_415,0.8293010752688172
106_416,0.8278260869565217
106_417,0.8558673469387755
106_418,0.7928571428571429
106_419,0.9098228663446055
106_420,0.8201754385964913
106_421,0.8144796380090498
106_422,0.9193899782135075
106_423,0.9303030303030304
106_424,0.9099999999999999
106_425,0.831275720164609
106_426,0.7722222222222223
106_427,0.7142857142857143
106_428,0.7467532467532467
106_429,0.7764705882352941
106_430,0.839080459770115
106_431,0.7938271604938273
106_432,0.8744343891402715
106_433,0.7867324561403509
106_434,0.8878048780487805
106_435,0.8433292533659731
106_436,0.8322115384615385
106_437,0.8643790849673203
106_438,0.8
106_439,0.8205128205128205
106_440,0.7846153846153847
106_441,0.6640625
106_442,0.43434343434343436
106_443,0.9084967320261439
106_444,0.9673202614379084
106_445,0.875
106_446,0.7937777777777777
106_447,0.9096283783783783
106_448,0.809384164222874
106_449,0.8035914702581369
106_450,0.8291592128801432
106_451,0.7802197802197802
106_452,0.8449074074074074
106_453,0.9080357142857143
106_454,0.815
106_455,0.7912087912087913
106_456,0.7460689193710272
106_457,0.8410138248847926
106_458,0.7686170212765958
106_459,0.748015873015873
106_460,0.8571428571428571
106_461,-1.0
107_408,-1.0
107_409,0.9181818181818181
107_410,0.7993827160493827
107_411,0.7486111111111111
107_412,0.8222222222222223
107_413,0.7745535714285714
107_414,0.7732558139534884
107_415,0.8158730158730159
107_416,0.8567901234567902
107_417,0.7953667953667953
107_418,0.7833333333333333
107_419,0.8467908902691512
107_420,0.897142857142857
107_421,0.9205882352941176
107_422,0.808641975308642
107_423,0.8517241379310345
107_424,0.8525
107_425,0.8015202702702703
107_426,0.7846153846153846
107_427,0.8444444444444444
107_428,0.875
107_429,0.8920454545454546
107_430,0.6488888888888888
107_431,0.8534798534798536
107_432,0.8698412698412699
107_433,0.803030303030303
107_434,0.7759170653907497
107_435,0.7656482861400894
107_436,0.8897849462365591
107_437,0.7837837837837838
107_438,0.8131868131868132
107_439,0.706140350877193
107_440,0.625
107_441,0.9720279720279721
107_442,0.7333333333333334
107_443,0.5625
107_444,0.8400000000000001
107_445,0.8321678321678321
107_446,0.8106508875739644
107_447,0.823045267489712
107_448,0.8578125000000001
107_449,0.8451178451178452
107_450,0.9
107_451,0.8186813186813187
107_452,0.8660714285714286
107_453,0.9287925696594427
107_454,0.8749999999999999
107_455,0.8582887700534759
107_456,0.8361831218974076
107_457,0.7982860909690178
107_458,0.8465408805031446
107_459,0.8715415019762845
107_460,0.75
107_461,-1.0
108_408,0.9166666666666667
108_409,0.9555555555555556
108_410,0.8238636363636365
108_411,0.8061728395061729
108_412,0.6877192982456141
108_413,0.8203125
108_414,0.8260869565217391
108_415,0.7536231884057971
108_416,0.7281105990783411
108_417,0.830528846153846
108_418,0.7884012539184954
108_419,0.8260869565217391
108_420,0.7823529411764706
108_421,0.6945812807881774
108_422,0.863905325443787
108_423,0.778225806451613
108_424,0.8921568627450981
108_425,0.8286713286713286
108_426,0.9057017543859649
108_427,0.7470355731225297
108_428,0.7523809523809524
108_429,0.8140096618357489
108_430,0.7083333333333334
108_431,0.8
108_432,0.8281092012133467
108_433,0.831140350877193
108_434,0.8395833333333333
108_435,0.9102393617021277
108_436,0.8066433566433566
108_437,0.7843537414965986
108_438,0.839572192513369
108_439,0.875
108_440,0.7959183673469388
108_441,0.9142857142857143
108_442,0.8928571428571428
108_443,0.8571428571428572
108_444,1.0
108_445,0.8428571428571427
108_446,0.8284313725490197
108_447,0.9219600725952813
108_448,0.9010989010989011
108_449,0.7375
108_450,0.8977272727272727
108_451,0.7699805068226121
108_452,0.8326923076923076
108_453,0.7903075489282386
108_454,0.8536796536796537
108_455,0.8297491039426523
108_456,0.9045454545454545
108_457,0.8477777777777777
108_458,0.75
108_459,0.8668831168831169
108_460,0.875
108_461,1.0
109_408,0.7142857142857143
109_409,0.7764705882352941
109_410,0.7564102564102564
109_411,0.8311111111111111
109_412,0.8725806451612903
109_413,0.8311111111111111
109_414,0.8761904761904762
109_415,0.6590909090909091
109_416,0.7929292929292929
109_417,0.7272727272727273
109_418,0.925
109_419,0.8583333333333333
109_420,0.801169590643275
109_421,0.5753086419753087
109_422,0.8858974358974359
109_423,0.8365384615384616
109_424,0.8426724137931034
109_425,0.8553113553113553
109_426,0.8660714285714286
109_427,0.662037037037037
109_428,0.8538324420677362
109_429,0.8271604938271605
109_430,0.8095238095238095
109_431,0.7664141414141414
109_432,0.9090909090909092
109_433,0.900709219858156
109_434,0.7872596153846154
109_435,0.8503134796238245
109_436,0.7920258620689655
109_437,0.8301314459049545
109_438,0.7403225806451612
109_439,0.935064935064935
109_440,0.75
109_441,0.9375
109_442,0.8375
109_443,0.8571428571428572
109_444,0.5
109_445,0.6000000000000001
109_446,0.7272727272727273
109_447,0.8061224489795918
109_448,0.9276974416017797
109_449,0.8275362318840579
109_450,0.8439849624060151
109_451,0.8113425925925927
109_452,0.8873626373626373
109_453,0.8712121212121213
109_454,0.8089468779123952
109_455,0.8112701252236135
109_456,0.7655038759689922
109_457,0.8117647058823529
109_458,0.8276209677419355
109_459,0.7330827067669173
109_460,1.0
110_408,0.7916666666666666
110_409,0.8235294117647058
110_410,0.6086956521739131
110_411,0.8921568627450981
110_412,0.8240740740740741
110_413,0.8827586206896552
110_414,0.846749226006192
110_415,0.8303167420814479
110_416,0.8522727272727273
110_417,0.7739938080495357
110_418,0.8690909090909091
110_419,0.8666666666666667
110_420,0.8444444444444444
110_421,0.8
110_422,0.7857142857142857
110_423,0.8422459893048129
110_424,0.8952380952380953
110_425,0.8440545808966862
110_426,0.9595959595959596
110_427,0.6640625
110_428,0.8075396825396824
110_429,0.8560606060606061
110_430,0.8451612903225806
110_431,0.8835978835978836
110_432,0.8574074074074074
110_433,0.8184523809523809
110_434,0.8516260162601627
110_435,0.8722527472527473
110_436,0.8147512864493996
110_437,0.7759259259259259
110_438,0.7999999999999999
110_439,0.8034188034188036
110_440,0.8125
110_441,0.953125
110_442,1.0
110_443,0.7333333333333334
110_444,0.7857142857142857
110_445,0.8979591836734693
110_446,0.8770053475935828
110_447,0.8062283737024223
110_448,0.7430769230769231
110_449,0.8282051282051283
110_450,0.9346590909090909
110_451,0.8093306288032454
110_452,0.7919799498746867
110_453,0.7697368421052632
110_454,0.8899999999999999
110_455,0.7795698924731184
110_456,0.8108108108108109
110_457,0.8802083333333333
110_458,0.8571428571428572
110_459,0.701923076923077
110_460,0.9
111_408,0.0
111_409,0.7750000000000001
111_410,0.8650519031141868
111_411,0.9040404040404041
111_412,0.7743506493506495
111_413,0.8251748251748252
111_414,0.8347953216374269
111_415,0.8698347107438017
111_416,0.8459595959595959
111_417,0.8614634146341463
111_418,0.7369230769230769
111_419,0.8849206349206349
111_420,0.8044444444444444
111_421,0.8805668016194331
111_422,0.9025974025974025
111_423,0.8428571428571429
111_424,0.673469387755102
111_425,0.6805555555555556
111_426,0.7681818181818182
111_427,0.9393939393939394
111_428,0.8421052631578947
111_429,0.8589285714285714
111_430,0.8319444444444444
111_431,0.697391304347826
111_432,0.8261904761904763
111_433,0.9016602809706258
111_434,0.8454545454545455
111_435,0.9021739130434783
111_436,0.830078125
111_437,0.8055555555555556
111_438,0.9063545150501672
111_439,0.8533057851239669
111_440,0.8571428571428572
111_441,0.7272727272727273
111_442,0.8983957219251337
111_443,0.7
111_444,0.9523809523809524
111_445,0.9388888888888889
111_446,0.8591269841269842
111_447,0.9220085470085471
111_448,0.7731864095500459
111_449,0.789247311827957
111_450,0.8747763864042933
111_451,0.7067307692307692
111_452,0.7946859903381642
111_453,0.8787878787878788
111_454,0.8739224137931034
111_455,0.8787878787878789
111_456,0.9329268292682927
111_457,0.7491582491582491
111_458,0.8236331569664904
111_459,0.8857142857142857
111_460,0.942857142857143
111_461,-1.0
112_408,0.7
112_409,0.8125
112_410,0.8256410256410256
112_411,0.7825
112_412,0.8196969696969697
112_413,0.9166666666666666
112_414,0.8303030303030303
112_415,0.8791423001949318
112_416,0.7161458333333333
112_417,0.7955555555555556
112_418,0.7942708333333333
112_419,0.7473958333333334
112_420,0.8784722222222222
112_421,0.9003831417624522
112_422,0.8462962962962963
112_423,0.8705357142857143
112_424,0.8609022556390976
112_425,0.7738095238095237
112_426,0.9368421052631578
112_427,0.8951048951048951
112_428,0.8088235294117647
112_429,0.7418181818181817
112_430,0.7593167701863354
112_431,0.8610526315789474
112_432,0.8958333333333334
112_433,0.8666666666666666
112_434,0.853763440860215
112_435,0.8194103194103194
112_436,0.7916666666666666
112_437,0.7343358395989975
112_438,0.8263157894736842
112_439,0.7558528428093645
112_440,0.9199999999999999
112_441,0.9166666666666666
112_442,0.7851851851851852
112_443,0.75
112_444,0.7402597402597403
112_445,0.6749999999999999
112_446,0.7435897435897436
112_447,0.7296650717703349
112_448,0.7716049382716049
112_449,0.8480392156862745
112_450,0.7450980392156862
112_451,0.8067226890756303
112_452,0.8628257887517147
112_453,0.8888888888888888
112_454,0.8618881118881119
112_455,0.7724867724867726
112_456,0.8026315789473685
112_457,0.8561403508771931
112_458,0.7845849802371542
112_459,0.8397435897435898
112_460,0.8076923076923077
112_461,1.0
113_408,1.0
113_409,0.9571428571428572
113_410,0.8775510204081634
113_411,0.7924107142857143
113_412,0.84375
113_413,0.7373626373626374
113_414,0.9419354838709677
113_415,0.8073170731707318
113_416,0.7412587412587412
113_417,0.782991202346041
113_418,0.868421052631579
113_419,0.9166666666666666
113_420,0.8
113_421,0.7826086956521738
113_422,0.8071253071253072
113_423,0.7788697788697788
113_424,0.6674208144796381
113_425,0.8541666666666667
113_426,0.7252747252747253
113_427,0.8887362637362637
113_428,0.873015873015873
113_429,0.8885630498533724
113_430,0.6699999999999999
113_431,0.739766081871345
113_432,0.6428571428571429
113_433,0.8833333333333334
113_434,0.8116883116883117
113_435,0.8216374269005847
113_436,0.8185483870967742
113_437,0.8475935828877005
113_438,0.9008620689655172
113_439,0.7844827586206896
113_440,0.8690476190476191
113_441,0.8148148148148149
113_442,0.8148148148148149
113_443,0.7500000000000001
113_444,0.8333333333333334
113_445,0.7589285714285715
113_446,0.95
113_447,0.8287037037037037
113_448,0.8458333333333334
113_449,0.8461538461538461
113_450,0.8212074303405572
113_451,0.7553107789142407
113_452,0.8722002635046114
113_453,0.8373590982286634
113_454,0.8238095238095238
113_455,0.7366255144032922
113_456,0.8844444444444445
113_457,0.8849206349206349
113_458,0.7925925925925926
113_459,0.753968253968254
113_460,0.7833333333333334
113_461,-1.0
114_408,-1.0
114_409,0.5555555555555556
114_410,0.9513888888888888
114_411,0.9270833333333333
114_412,0.9111111111111111
114_413,0.8809523809523809
114_414,0.8385714285714286
114_415,0.8083333333333333
114_416,0.7020833333333334
114_417,0.8176470588235295
114_418,0.8645484949832777
114_419,0.8306878306878308
114_420,0.68
114_421,0.8111111111111111
114_422,0.9111111111111112
114_423,0.7119113573407203
114_424,0.8637770897832817
114_425,0.7009803921568627
114_426,0.9217391304347826
114_427,0.8701298701298701
114_428,0.858843537414966
114_429,0.8636363636363636
114_430,0.8333333333333333
114_431,0.8117647058823529
114_432,1.0
114_433,0.7714285714285714
114_434,0.7326007326007327
114_435,0.8823529411764706
114_436,0.8464285714285714
114_437,0.9440559440559441
114_438,0.8
114_439,0.8981481481481481
114_440,0.8733333333333333
114_441,0.86
114_442,0.77
114_443,0.6942148760330578
114_444,0.8333333333333333
114_445,0.7777777777777778
114_446,0.75
114_447,0.86
114_448,0.78
114_449,0.8755980861244019
114_450,0.7338709677419355
114_451,0.8722002635046113
114_452,0.8680555555555556
114_453,0.8176470588235294
114_454,0.869328493647913
114_455,0.8245614035087719
114_456,0.8678787878787879
114_457,0.737891737891738
114_458,0.8030888030888031
114_459,0.83203125
114_460,0.7625
114_461,-1.0
115_408,-1.0
115_409,0.7666666666666666
115_410,0.8125
115_411,0.798941798941799
115_412,0.7931818181818181
115_413,0.609907120743034
115_414,0.8977272727272727
115_415,0.7142857142857142
115_416,0.8333333333333334
115_417,0.6597222222222222
115_418,0.8333333333333334
115_419,0.828125
115_420,0.7115384615384615
115_421,0.8205128205128206
115_422,0.7152777777777778
115_423,0.8131868131868132
115_424,0.7066666666666667
115_425,0.9154411764705882
115_426,0.9448529411764706
115_427,0.9090909090909091
115_428,0.9402298850574713
115_429,0.7592592592592592
115_430,0.7351778656126482
115_431,0.6944444444444444
115_432,0.8333333333333333
115_433,0.8421052631578947
115_434,0.8461538461538463
115_435,0.8814814814814815
115_436,0.7559808612440192
115_437,0.8974358974358975
115_438,0.7420634920634921
115_439,0.883116883116883
115_440,0.6339869281045751
115_441,0.7959183673469388
115_442,0.6233766233766234
115_443,0.9428571428571428
115_444,0.8125
115_445,0.7314814814814815
115_446,0.8235294117647058
115_447,0.8920454545454546
115_448,0.8993506493506493
115_449,0.7403846153846154
115_450,0.8617283950617284
115_451,0.7891737891737892
115_452,0.8166666666666667
115_453,0.8125000000000001
115_454,0.7643243243243243
115_455,0.9210526315789473
115_456,0.7810344827586206
115_457,0.7705882352941176
115_458,0.8741496598639455
115_459,0.6994047619047619
115_460,0.9358974358974359
115_461,-1.0
116_408,0.8333333333333333
116_409,0.7454545454545455
116_410,0.8492647058823529
116_411,0.8981481481481481
116_412,0.756043956043956
116_413,0.8630952380952381
116_414,0.8310185185185185
116_415,0.7207792207792209
116_416,0.8977272727272727
116_417,0.9400921658986175
116_418,0.8222222222222222
116_419,0.8886956521739131
116_420,0.953781512605042
116_421,0.8516746411483254
116_422,0.7521367521367522
116_423,0.9312169312169313
116_424,0.8571428571428571
116_425,0.7151702786377709
116_426,0.7314814814814815
116_427,0.7719298245614035
116_428,0.8202898550724638
116_429,0.907051282051282
116_430,0.8222222222222223
116_431,0.961038961038961
116_432,0.7878787878787878
116_433,0.8424242424242424
116_434,0.9134615384615384
116_435,0.8701298701298702
116_436,0.8578947368421053
116_437,0.8500000000000001
116_438,0.8
116_439,0.9523809523809523
116_440,0.7222222222222222
116_441,0.6428571428571428
116_442,0.8916666666666667
116_443,0.8592592592592593
116_444,0.92
116_445,0.7916666666666666
116_446,0.8351648351648352
116_447,0.8765432098765432
116_448,0.8234295415959253
116_449,0.81875
116_450,0.8252351097178683
116_451,0.9108796296296295
116_452,0.7587412587412588
116_453,0.8181818181818182
116_454,0.8451612903225806
116_455,0.8966049382716049
116_456,0.8267857142857142
116_457,0.8990384615384615
116_458,0.8295454545454546
116_459,0.6499999999999999
116_460,0.8500000000000001
116_461,-1.0
117_408,1.0
117_409,0.9777777777777779
117_410,0.8375
117_411,0.788888888888889
117_412,0.8333333333333333
117_413,0.8535714285714286
117_414,0.7931034482758621
117_415,0.8639455782312925
117_416,0.8878205128205128
117_417,0.7857142857142857
117_418,0.9555555555555556
117_419,0.843915343915344
117_420,0.7740384615384616
117_421,0.8074534161490683
117_422,0.816
117_423,0.7051282051282052
117_424,0.7083333333333334
117_425,0.875
117_426,0.7944444444444444
117_427,0.8492307692307691
117_428,0.7631184407796102
117_429,0.8121693121693122
117_430,0.7607655502392345
117_431,0.925
117_432,0.9047619047619047
117_433,0.8461538461538461
117_434,0.8303571428571428
117_435,0.73109243697479
117_436,0.8630952380952381
117_437,0.7142857142857142
117_438,0.5
117_439,0.796875
117_440,0.6083333333333333
117_441,0.44999999999999996
117_442,0.9230769230769231
117_443,0.8645833333333334
117_444,0.8186274509803922
117_445,0.7577854671280276
117_446,0.7333333333333334
117_447,0.8333333333333334
117_448,0.8533834586466166
117_449,0.7972222222222222
117_450,0.7652509652509653
117_451,0.8518518518518519
117_452,0.8157327586206897
117_453,0.8769804287045666
117_454,0.7474012474012475
117_455,0.7563025210084033
117_456,0.8868778280542987
117_457,0.8412698412698413
117_458,0.8668478260869565
117_459,0.8
117_460,0.875
117_461,-1.0
118_408,0.75
118_409,0.8800000000000001
118_410,0.8431372549019607
118_411,0.803763440860215
118_412,0.7515151515151516
118_413,0.7944444444444444
118_414,0.825657894736842
118_415,0.8703703703703703
118_416,0.7896825396825398
118_417,0.8101851851851852
118_418,0.8761904761904762
118_419,0.6666666666666666
118_420,0.7911764705882353
118_421,0.9152046783625731
118_422,0.8422619047619048
118_423,0.8269230769230769
118_424,0.7407407407407408
118_425,0.7559808612440191
118_426,0.7894736842105263
118_427,0.7389705882352942
118_428,0.8774597495527727
118_429,0.8888888888888888
118_430,0.8765432098765432
118_431,0.6799999999999999
118_432,0.9305555555555556
118_433,0.8232323232323232
118_434,0.8968253968253967
118_435,0.8333333333333333
118_436,0.8407407407407408
118_437,0.7959183673469388
118_438,0.8557692307692308
118_439,0.807843137254902
118_440,0.9454545454545454
118_441,0.6444444444444445
118_442,0.890625
118_443,0.8703703703703705
118_444,0.95
118_445,0.7683823529411765
118_446,0.7000000000000001
118_447,0.7296296296296296
118_448,0.8645833333333334
118_449,0.7931034482758621
118_450,0.8597475455820477
118_451,0.8695652173913043
118_452,0.8414746543778803
118_453,0.7299741602067183
118_454,0.7896825396825397
118_455,0.8425925925925926
118_456,0.6904761904761906
118_457,0.7750865051903114
118_458,0.8518518518518519
118_459,0.8857142857142858
118_460,0.7749999999999999
118_461,-1.0
119_408,0.9192307692307692
119_409,0.881861877055401
119_410,0.8659649122807018
119_411,0.8565061107117181
119_412,0.8165007112375533
119_413,0.8632538569424965
119_414,0.8426927101499825
119_415,0.7699020859940401
119_416,0.8389724310776943
119_417,0.7929676511954993
119_418,0.7712169312169311
119_419,0.8053968253968254
119_420,0.7464574898785425
119_421,0.7967097532314923
119_422,0.8182707355242568
119_423,0.7467605633802816
119_424,0.7873846153846155
119_425,0.8535235256546732
119_426,0.7899305555555556
119_427,0.8569931901519119
119_428,0.8381877022653722
119_429,0.7897536394176933
119_430,0.8207446808510638
119_431,0.8987993138936535
119_432,0.8952380952380953
119_433,0.8299253937551809
119_434,0.8711430575035064
119_435,0.8725563909774436
119_436,0.8220496894409939
119_437,0.7998575498575499
119_438,0.8071604938271605
119_439,0.8196097883597884
119_440,0.7699564586357039
119_441,0.7701149425287356
119_442,0.8509689590121762
119_443,0.7842620481927711
119_444,0.8022544283413849
119_445,0.8568542568542569
119_446,0.8728246318607763
119_447,0.82360440761315
119_448,0.7912844036697247
119_449,0.8391194968553459
119_450,0.8198692810457516
119_451,0.8825601879036993
119_452,0.8117664106651211
119_453,0.8482142857142857
119_454,0.79301489470981
119_455,0.7939285714285714
119_456,0.864940387481371
119_457,0.8219272369714848
119_458,0.8524077548467793
119_459,0.8831168831168831
119_460,0.7500000000000001
119_461,-1.0
120_410,0.8717241379310344
120_411,0.8399725274725275
120_412,0.8452696728558797
120_413,0.84765625
120_414,0.7746806039488966
120_415,0.7896389324960753
120_416,0.8554166666666667
120_417,0.876771833561957
120_418,0.7983660130718955
120_419,0.8395238095238096
120_420,0.7989783653846154
120_421,0.8596813725490197
120_422,0.8934240362811791
120_423,0.9123809523809524
120_424,0.8048659384309832
120_425,0.8127325341050021
120_426,0.8576998050682261
120_427,0.8329633740288569
120_428,0.8145781907942501
120_429,0.7765804597701149
120_430,0.8277197057684862
120_431,0.8105872622001654
120_432,0.7526881720430108
120_433,0.8329026701119725
120_434,0.7837837837837838
120_435,0.8602150537634409
120_436,0.8280060882800608
120_437,0.8008314436885865
120_438,0.8419452887537995
120_439,0.8090465872156013
120_440,0.8135135135135135
120_441,0.7927536231884058
120_442,0.8310393925011865
120_443,0.8280590717299579
120_444,0.8034803480348034
120_445,0.8657777777777778
120_446,0.8335164835164836
120_447,0.8588235294117647
120_448,0.8259823576583801
120_449,0.8460144927536232
120_450,0.8032520325203252
120_451,0.8555950470075671
120_452,0.8688936781609194
120_453,0.8671369782480893
120_454,0.8542204995693368
120_455,0.8104575163398693
120_456,0.8654306220095693
120_457,0.8551724137931035
120_458,0.849480112229741
120_459,0.825103305785124
120_460,0.9080675422138836
120_461,-1.0
69_411,-1.0
69_413,-1.0
69_416,-1.0
69_423,-1.0
69_424,-1.0
69_432,-1.0
69_448,-1.0
69_451,-1.0
70_408,0.6571428571428571
70_409,0.8608058608058607
70_410,0.8026315789473684
70_411,0.8220689655172414
70_412,0.7732426303854876
70_413,0.8514492753623188
70_414,0.7956521739130435
70_415,0.7916666666666667
70_416,0.7723076923076924
70_417,0.9080459770114943
70_418,0.7837301587301587
70_419,0.7993197278911565
70_420,0.8712121212121211
70_421,0.8472222222222222
70_422,0.6590909090909091
70_423,0.8316326530612245
70_424,0.7506393861892583
70_425,0.868663594470046
70_426,0.8722415795586527
70_427,0.84
70_428,0.8649885583524027
70_429,0.861952861952862
70_430,0.9052287581699346
70_431,0.8029556650246306
70_432,0.8146853146853146
70_433,0.8696296296296296
70_434,0.902353966870096
70_435,0.8455008488964346
70_436,0.8922077922077921
70_437,0.914349276974416
70_438,0.871900826446281
70_439,0.8333333333333334
70_440,0.7354497354497355
70_441,0.8188405797101449
70_442,0.8698347107438017
70_443,0.9181818181818182
70_444,0.8400000000000001
70_445,0.8333333333333334
70_446,0.8367346938775511
70_447,0.8125
70_448,0.9155844155844156
70_449,0.7330316742081449
70_450,0.8645833333333333
70_451,-1.0
70_452,0.6666666666666667
70_453,1.0
70_454,0.875
70_455,1.0
70_456,0.888888888888889
70_457,1.0
70_458,0.375
70_459,-1.0
71_408,0.6388888888888888
71_409,0.7928571428571428
71_410,0.8632478632478633
71_411,0.8131487889273356
71_412,0.9094094094094094
71_413,0.7886762360446571
71_414,0.8607427055702919
71_415,0.8043217286914767
71_416,0.8395445134575569
71_417,0.8745885450954575
71_418,0.8499724214009928
71_419,0.8006269592476488
71_420,0.8435960591133005
71_421,0.8256802721088435
71_422,0.8351648351648352
71_423,0.7883424408014571
71_424,0.7655272026961965
71_425,0.8024193548387097
71_426,0.8638083228247162
71_427,0.8662683823529412
71_428,0.7768147345612134
71_429,0.8500000000000001
71_430,0.8906533575317604
71_431,0.8423423423423423
71_432,0.8460548885077187
71_433,0.7888459058671824
71_434,0.7834314550042052
71_435,0.8939043209876543
71_436,0.867063492063492
71_437,0.8225
71_438,0.8187056737588653
71_439,0.8868243243243243
71_440,0.8473748473748474
71_441,0.8657142857142857
71_442,0.8938130759104871
71_443,0.8301158301158301
71_444,0.8634408602150538
71_445,0.9120879120879121
71_446,0.8405797101449275
71_447,0.86996336996337
71_448,0.806896551724138
71_449,0.8285322359396434
71_450,0.7662337662337662
71_451,0.65625
71_452,0.875
71_453,-1.0
71_454,0.33333333333333337
71_455,0.6296296296296297
71_456,0.6
71_457,0.8666666666666667
71_458,0.0
71_459,0.0
71_460,0.5
72_408,0.925925925925926
72_409,0.8837719298245614
72_410,0.8808095952023989
72_411,0.7847368421052632
72_412,0.870188679245283
72_413,0.8668831168831169
72_414,0.8333333333333334
72_415,0.8998410174880763
72_416,0.8414195867026055
72_417,0.7774038461538462
72_418,0.8143396226415094
72_419,0.824390243902439
72_420,0.7518796992481204
72_421,0.8279379157427937
72_422,0.8204837490551776
72_423,0.879245283018868
72_424,0.8101222826086957
72_425,0.8331053351573188
72_426,0.8426807760141093
72_427,0.8352941176470589
72_428,0.8283198826118855
72_429,0.8195217818539142
72_430,0.8235294117647058
72_431,0.8482280431432974
72_432,0.9003364171572751
72_433,0.8608230177316828
72_434,0.8281761922096833
72_435,0.8125
72_436,0.7896825396825397
72_437,0.8186507936507937
72_438,0.8630952380952381
72_439,0.8151515151515152
72_440,0.9260731319554849
72_441,0.8333333333333333
72_442,0.8643162393162394
72_443,0.8066037735849058
72_444,0.8767313019390581
72_445,0.76812585499316
72_446,0.83125
72_447,0.8091133004926109
72_448,0.8583333333333334
72_449,0.804953560371517
72_450,0.819047619047619
72_451,0.9375
72_455,-1.0
72_456,0.8571428571428571
72_457,0.8
72_458,-1.0
72_459,-1.0
73_408,0.9285714285714286
73_409,0.760204081632653
73_410,0.8935185185185185
73_411,0.780801209372638
73_412,0.863529411764706
73_413,0.9163533834586466
73_414,0.7806451612903227
73_415,0.8392857142857143
73_416,0.9073886639676113
73_417,0.8211306765523633
73_418,0.8161592505854801
73_419,0.8657635467980296
73_420,0.7766798418972333
73_421,0.8282828282828283
73_422,0.7470967741935483
73_423,0.8604166666666667
73_424,0.8612588652482269
73_425,0.8030875866414618
73_426,0.8678267308404295
73_427,0.793388429752066
73_428,0.8041310541310541
73_429,0.8727777777777778
73_430,0.8892857142857143
73_431,0.8071895424836601
73_432,0.8091428571428572
73_433,0.8494513031550068
73_434,0.8869318181818182
73_435,0.8292540792540792
73_436,0.763888888888889
73_437,0.7385129490392649
73_438,0.8484848484848486
73_439,0.8518518518518519
73_440,0.9043478260869565
73_441,0.8788461538461538
73_442,0.9413489736070382
73_443,0.8469827586206897
73_444,0.8205128205128205
73_445,0.8775252525252526
73_446,0.8856624319419238
73_447,0.8447927199191102
73_448,0.8323863636363636
73_449,0.7922077922077921
73_450,0.5555555555555556
73_451,0.8125
73_456,1.0
73_457,0.9166666666666666
73_458,0.5
74_408,0.6666666666666667
74_409,0.8538461538461538
74_410,0.7958620689655173
74_411,0.8688930117501547
74_412,0.767094017094017
74_413,0.8690476190476191
74_414,0.9049689440993789
74_415,0.8490990990990993
74_416,0.7988980716253444
74_417,0.7948717948717949
74_418,0.8278401122019636
74_419,0.8595158993830091
74_420,0.7884963768115942
74_421,0.8231791113147046
74_422,0.8279569892473119
74_423,0.8391429485129517
74_424,0.8142857142857143
74_425,0.7908355795148247
74_426,0.7633064516129032
74_427,0.8513513513513513
74_428,0.7814671814671815
74_429,0.767816091954023
74_430,0.842156862745098
74_431,0.8754578754578755
74_432,0.8992869875222816
74_433,0.8147382920110192
74_434,0.9120879120879121
74_435,0.8394117647058824
74_436,0.8189964157706093
74_437,0.8404947916666667
74_438,0.841897233201581
74_439,0.8789521228545619
74_440,0.8363636363636363
74_441,0.8531468531468531
74_442,0.7944444444444445
74_443,0.8835978835978836
74_444,0.7789968652037618
74_445,0.7751196172248803
74_446,0.8656156156156156
74_447,0.8095238095238095
74_448,0.7873015873015873
74_449,0.7212121212121212
74_450,0.7833333333333333
74_451,0.9266666666666666
74_457,-1.0
74_458,0.16666666666666666
74_459,0.8333333333333334
75_408,0.7222222222222223
75_409,0.8509615384615384
75_410,0.7698412698412698
75_411,0.8022222222222222
75_412,0.7946345975948196
75_413,0.8519736842105263
75_414,0.8655705996131529
75_415,0.831275720164609
75_416,0.8812121212121211
75_417,0.8114754098360656
75_418,0.8318840579710145
75_419,0.8432797093928386
75_420,0.8500451671183378
75_421,0.844574780058651
75_422,0.8312788906009245
75_423,0.8477449008905487
75_424,0.7848240469208211
75_425,0.7944596443228454
75_426,0.8858225108225107
75_427,0.803088803088803
75_428,0.853515625
75_429,0.7727910238429173
75_430,0.7312252964426877
75_431,0.7471264367816092
75_432,0.6862745098039216
75_433,0.7345454545454545
75_434,0.7626666666666667
75_435,0.8484848484848485
75_436,0.8877551020408163
75_437,0.9045454545454545
75_438,0.812636165577342
75_439,0.8895238095238095
75_440,0.7741228070175439
75_441,0.9148148148148147
75_442,0.8333333333333334
75_443,0.8205128205128205
75_444,0.748868778280543
75_445,0.8775510204081631
75_446,0.7901234567901234
75_447,0.8233333333333334
75_448,0.8240740740740741
75_449,0.8166666666666667
75_450,0.9159663865546219
75_451,0.922077922077922
75_452,0.7500000000000001
75_453,-1.0
75_457,0.6666666666666666
75_458,0.6
75_459,1.0
75_460,0.6666666666666666
75_461,-1.0
76_408,0.611111111111111
76_409,0.7259259259259259
76_410,0.8592592592592593
76_411,0.8242556281771968
76_412,0.8099747474747474
76_413,0.8760000000000001
76_414,0.7281249999999999
76_415,0.8684782608695651
76_416,0.8320070733863838
76_417,0.8725490196078431
76_418,0.8227752639517346
76_419,0.8699300699300699
76_420,0.9038065843621399
76_421,0.8427895981087471
76_422,0.8520408163265306
76_423,0.7711111111111111
76_424,0.8530612244897958
76_425,0.8626865671641791
76_426,0.8614973262032086
76_427,0.8365194462755439
76_428,0.8503030303030302
76_429,0.8260869565217391
76_430,0.7928571428571429
76_431,0.771139705882353
76_432,0.7604166666666666
76_433,0.819078947368421
76_434,0.8803418803418804
76_435,0.7672727272727273
76_436,0.7835917312661499
76_437,0.8322368421052632
76_438,0.7962962962962963
76_439,0.842032967032967
76_440,0.7880184331797235
76_441,0.8137254901960784
76_442,0.7755102040816326
76_443,0.8285714285714285
76_444,0.8143939393939394
76_445,0.8537414965986394
76_446,0.7745098039215685
76_447,0.6861111111111111
76_448,0.828125
76_449,0.8253968253968254
76_450,0.7222222222222222
76_451,0.8999999999999999
76_452,0.92
76_453,1.0
76_459,0.9166666666666667
76_460,0.9666666666666668
76_461,-1.0
77_408,0.9166666666666667
77_409,0.8864197530864198
77_410,0.7817460317460317
77_411,0.7522045855379188
77_412,0.8315363881401617
77_413,0.7636669470142978
77_414,0.8828125
77_415,0.8755980861244019
77_416,0.8607954545454545
77_417,0.88
77_418,0.876984126984127
77_419,0.7807539682539683
77_420,0.849645390070922
77_421,0.7913978494623656
77_422,0.7975308641975308
77_423,0.7951987996999249
77_424,0.8321810182275299
77_425,0.8423645320197044
77_426,0.8518518518518519
77_427,0.8006728343145499
77_428,0.8546384222059898
77_429,0.8762677484787018
77_430,0.8568627450980393
77_431,0.8480392156862745
77_432,0.8317580340264651
77_433,0.8857808857808858
77_434,0.8271428571428572
77_435,0.894345238095238
77_436,0.8469387755102041
77_437,0.8015873015873016
77_438,0.9108391608391608
77_439,0.867003367003367
77_440,0.7321428571428572
77_441,0.8203124999999999
77_442,0.7433155080213905
77_443,0.9282296650717703
77_444,0.9305555555555556
77_445,0.7233115468409586
77_446,0.6214285714285714
77_447,0.7731092436974789
77_448,0.8383838383838385
77_449,0.6951871657754011
77_450,0.8526785714285714
77_451,0.8622222222222222
77_452,0.9393939393939393
78_408,-1.0
78_409,0.7134502923976609
78_410,0.928
78_411,0.8134398496240602
78_412,0.8164893617021276
78_413,0.8474025974025975
78_414,0.8592334494773519
78_415,0.8746208291203236
78_416,0.8442728442728443
78_417,0.7350427350427351
78_418,0.847123719464145
78_419,0.7670940170940171
78_420,0.8755256518082422
78_421,0.9009090909090909
78_422,0.8207602339181287
78_423,0.7906976744186047
78_424,0.8417344173441734
78_425,0.8269230769230769
78_426,0.8775303643724697
78_427,0.7379310344827587
78_428,0.7677777777777777
78_429,0.8572938689217758
78_430,0.7538126361655773
78_431,0.8705234159779615
78_432,0.7796052631578948
78_433,0.8195121951219512
78_434,0.888888888888889
78_435,0.8951724137931034
78_436,0.802962962962963
78_437,0.8612012987012987
78_438,0.8425925925925926
78_439,0.9010494752623688
78_440,0.8189102564102565
78_441,0.8015873015873015
78_442,0.8095238095238095
78_443,0.8528138528138528
78_444,0.8759259259259259
78_445,0.8279569892473118
78_446,0.8409090909090908
78_447,0.7666666666666666
78_448,0.8809523809523809
78_449,0.9333333333333333
78_450,0.8822115384615384
78_451,0.8695652173913043
78_452,0.6545454545454545
78_453,0.9166666666666667
79_408,0.65
79_409,0.9473684210526316
79_410,0.6961538461538461
79_411,0.7573483427141964
79_412,0.7435064935064936
79_413,0.7908496732026143
79_414,0.8546938775510204
79_415,0.8487804878048781
79_416,0.9226467847157502
79_417,0.836439888164026
79_418,0.828641370869033
79_419,0.8681481481481481
79_420,0.7961432506887052
79_421,0.8330827067669173
79_422,0.8642960812772134
79_423,0.8237872589129164
79_424,0.8108108108108107
79_425,0.7140396210163652
79_426,0.8122171945701357
79_427,0.7391975308641975
79_428,0.9020408163265307
79_429,0.8528645833333333
79_430,0.900377358490566
79_431,0.8388123011664899
79_432,0.9078282828282829
79_433,0.7906976744186046
79_434,0.8573975044563279
79_435,0.8173076923076923
79_436,0.7580357142857143
79_437,0.8363858363858364
79_438,0.8705128205128205
79_439,0.729757085020243
79_440,0.7681159420289856
79_441,0.8428571428571429
79_442,0.7291666666666666
79_443,0.9259259259259259
79_444,0.8482905982905983
79_445,0.7893687707641196
79_446,0.867816091954023
79_447,0.8828282828282827
79_448,0.9523809523809524
79_449,0.8095238095238095
79_450,0.875
79_451,0.9306220095693778
79_452,0.8529411764705882
79_453,0.8472222222222222
80_408,0.8571428571428572
80_409,0.8834586466165414
80_410,0.8358974358974358
80_411,0.8562500000000001
80_412,0.8350000000000001
80_413,0.8776595744680851
80_414,0.7423167848699763
80_415,0.8166666666666667
80_416,0.9039759939984996
80_417,0.7991803278688524
80_418,0.8354978354978355
80_419,0.8506578947368421
80_420,0.8684210526315789
80_421,0.8546938775510203
80_422,0.7399561723886049
80_423,0.8106060606060607
80_424,0.7996153846153846
80_425,0.8694214876033058
80_426,0.8189655172413793
80_427,0.7380952380952381
80_428,0.8666666666666667
80_429,0.7446153846153846
80_430,0.7415384615384616
80_431,0.8608058608058609
80_432,0.805668016194332
80_433,0.8403361344537815
80_434,0.8658333333333333
80_435,0.8291666666666667
80_436,0.834065934065934
80_437,0.7682291666666666
80_438,0.822742474916388
80_439,0.766734279918864
80_440,0.6554054054054054
80_441,0.7321428571428571
80_442,0.7794117647058824
80_443,0.8062283737024222
80_444,0.8589743589743589
80_445,0.8986666666666666
80_446,0.8142414860681115
80_447,0.798076923076923
80_448,0.8384615384615385
80_449,0.7953216374269005
80_450,0.9017543859649123
80_451,0.8809523809523809
80_452,0.773109243697479
80_453,0.8571428571428572
81_408,0.625
81_409,0.8076923076923077
81_410,0.8987654320987654
81_411,0.832647462277092
81_412,0.7203065134099618
81_413,0.7788461538461539
81_414,0.8558558558558559
81_415,0.7043010752688172
81_416,0.8267241379310345
81_417,0.8554421768707483
81_418,0.775
81_419,0.8756805807622505
81_420,0.7592592592592593
81_421,0.9150579150579149
81_422,0.8209134615384615
81_423,0.8929534077782055
81_424,0.8803376365441906
81_425,0.84557945041816
81_426,0.7891949152542374
81_427,0.9583333333333333
81_428,0.7546875
81_429,0.7544581618655691
81_430,0.7681331747919145
81_431,0.8489583333333334
81_432,0.79296875
81_433,0.8181818181818182
81_434,0.7814814814814814
81_435,0.8461538461538463
81_436,0.8690476190476191
81_437,0.8069196428571429
81_438,0.7602627257799672
81_439,0.8389154704944178
81_440,0.8496503496503497
81_441,0.8095238095238095
81_442,0.8456140350877194
81_443,0.9097222222222223
81_444,0.9567901234567902
81_445,0.826530612244898
81_446,0.9159999999999999
81_447,0.8508064516129032
81_448,0.8897058823529411
81_449,0.8888888888888888
81_450,0.6122448979591837
81_451,0.8142857142857143
81_452,0.8317460317460317
81_453,1.0
81_454,0.2
82_408,0.75
82_409,0.6714285714285715
82_410,0.8185185185185185
82_411,0.8369047619047619
82_412,0.8145933014354068
82_413,0.8335315101070154
82_414,0.8080645161290323
82_415,0.8846153846153846
82_416,0.8133333333333334
82_417,0.8673218673218673
82_418,0.8651059085841695
82_419,0.8202348690153568
82_420,0.8727891156462584
82_421,0.8155270655270656
82_422,0.8366571699905034
82_423,0.7622504537205081
82_424,0.7687687687687688
82_425,0.7648171500630516
82_426,0.8522727272727273
82_427,0.842391304347826
82_428,0.8914956011730205
82_429,0.7430555555555556
82_430,0.861111111111111
82_431,0.864516129032258
82_432,0.7944444444444445
82_433,0.8511904761904762
82_434,0.9411764705882353
82_435,0.8397129186602871
82_436,0.9001175088131611
82_437,0.7101851851851853
82_438,0.8540706605222734
82_439,0.8798534798534798
82_440,0.8178947368421052
82_441,0.7060185185185186
82_442,0.8288043478260869
82_443,0.7254901960784313
82_444,0.8095238095238095
82_445,0.8055555555555555
82_446,0.7912280701754386
82_447,0.890909090909091
82_448,0.8754325259515571
82_449,0.7099567099567099
82_450,0.9119047619047619
82_451,0.8358585858585859
82_452,0.8636363636363636
82_453,0.8
82_454,0.875
83_408,0.5
83_409,0.8465909090909091
83_410,0.7295918367346939
83_411,0.8181818181818181
83_412,0.819078947368421
83_413,0.8425925925925926
83_414,0.7850378787878788
83_415,0.6617647058823528
83_416,0.9581939799331104
83_417,0.8310533515731874
83_418,0.8135416666666666
83_419,0.7903903903903904
83_420,0.7582070707070708
83_421,0.8536585365853658
83_422,0.7974369574204216
83_423,0.7743764172335601
83_424,0.8556149732620321
83_425,0.829
83_426,0.7694581280788177
83_427,0.8770370370370371
83_428,0.875
83_429,0.8264462809917356
83_430,0.8299319727891157
83_431,0.9014492753623189
83_432,0.8272727272727273
83_433,0.7848970251716247
83_434,0.8625
83_435,0.7117647058823529
83_436,0.809811320754717
83_437,0.7263626251390434
83_438,0.8333333333333333
83_439,0.8513157894736842
83_440,0.9045454545454545
83_441,0.875
83_442,0.906926406926407
83_443,0.9548872180451129
83_444,0.7848970251716247
83_445,0.6870748299319728
83_446,0.7529411764705882
83_447,0.8666666666666667
83_448,0.9013157894736842
83_449,0.9400000000000001
83_450,0.9502262443438914
83_451,0.784
83_452,0.8482142857142857
83_453,0.8263555250514756
83_454,0.7638888888888888
83_455,1.0
83_456,-1.0
84_408,0.95
84_409,0.8518518518518519
84_410,0.858843537414966
84_411,0.8022727272727272
84_412,0.774948024948025
84_413,0.8666666666666667
84_414,0.8251804330392943
84_415,0.6402616279069768
84_416,0.7140454163162322
84_417,0.8458985301090564
84_418,0.7970268724985706
84_419,0.8554999999999999
84_420,0.847041847041847
84_421,0.8278508771929824
84_422,0.8824691358024691
84_423,0.9473684210526316
84_424,0.7792207792207793
84_425,0.8333333333333334
84_426,0.7916666666666667
84_427,0.68
84_428,0.8583333333333334
84_429,0.8796296296296298
84_430,0.7916666666666667
84_431,0.9053030303030303
84_432,0.8728070175438596
84_433,0.7373737373737373
84_434,0.7730263157894737
84_435,0.8237837837837838
84_436,0.8578143360752057
84_437,0.8399044205495818
84_438,0.8644688644688645
84_439,0.8050789293067947
84_440,0.7791942886282509
84_441,0.7175239755884917
84_442,0.7272727272727273
84_443,0.8529411764705883
84_444,0.7935222672064778
84_445,0.9475524475524476
84_446,0.8979591836734694
84_447,0.8865740740740741
84_448,0.7959183673469388
84_449,0.8
84_450,0.8095238095238095
84_451,0.8425925925925927
84_452,0.8974358974358975
84_453,0.861111111111111
84_454,0.8125
84_455,0.7840909090909092
84_456,1.0
85_408,1.0
85_409,0.8775510204081632
85_410,0.916083916083916
85_411,0.8114316239316239
85_412,0.8251192368839427
85_413,0.7883870967741936
85_414,0.7448275862068966
85_415,0.8747474747474747
85_416,0.8168449197860963
85_417,0.8573717948717949
85_418,0.8323836657169991
85_419,0.8327702702702703
85_420,0.770345596432553
85_421,0.8354285714285713
85_422,0.8550983899821109
85_423,0.8052631578947368
85_424,0.8211068211068211
85_425,0.8327702702702702
85_426,0.7678132678132679
85_427,0.8362573099415205
85_428,0.8020361990950227
85_429,0.8581314878892734
85_430,0.9230769230769231
85_431,0.7333333333333334
85_432,0.8074534161490683
85_433,0.8434782608695652
85_434,0.85
85_435,0.9132653061224489
85_436,0.7943409247757074
85_437,0.8734602463605823
85_438,0.8283499446290145
85_439,0.7548262548262549
85_440,0.8468013468013468
85_441,0.8198924731182796
85_442,0.8643292682926829
85_443,0.8511904761904762
85_444,0.8
85_445,0.82
85_446,0.8484848484848485
85_447,0.8095238095238095
85_448,0.9
85_449,0.8805555555555555
85_450,0.8383838383838383
85_451,0.9829059829059829
85_452,0.877450980392157
85_453,0.9152046783625731
85_454,0.8763440860215054
85_455,0.805668016194332
85_456,0.6979166666666666
86_408,1.0
86_409,0.8625
86_410,0.8452380952380952
86_411,0.8204545454545454
86_412,0.8415384615384616
86_413,0.8502604166666666
86_414,0.7885802469135802
86_415,0.9122085048010975
86_416,0.8840336134453781
86_417,0.812957157784744
86_418,0.8376623376623377
86_419,0.7923076923076924
86_420,0.8992869875222816
86_421,0.750620347394541
86_422,0.9086021505376344
86_423,0.8875000000000001
86_424,0.7115384615384616
86_425,0.7048913043478261
86_426,0.820138888888889
86_427,0.8021346469622331
86_428,0.8273001508295625
86_429,0.7591973244147158
86_430,0.8820512820512821
86_431,0.8596491228070176
86_432,0.8641975308641976
86_433,0.8181818181818182
86_434,0.779032258064516
86_435,0.7714285714285715
86_436,0.8872586872586873
86_437,0.8083333333333333
86_438,0.7770731707317073
86_439,0.7927631578947368
86_440,0.7889273356401384
86_441,0.7840909090909091
86_442,0.8617788461538461
86_443,0.8775252525252526
86_444,0.7904761904761904
86_445,0.7387914230019493
86_446,0.7777777777777778
86_447,0.8385964912280702
86_448,0.844
86_449,0.8333333333333334
86_450,0.7037037037037037
86_451,0.6904761904761905
86_452,0.8388278388278388
86_453,0.8827160493827161
86_454,0.8819444444444444
86_455,0.805
86_456,0.9370370370370371
86_457,0.5
87_408,0.7333333333333334
87_409,0.8666666666666667
87_410,0.8043478260869565
87_411,0.8993476234855545
87_412,0.9255583126550869
87_413,0.8201970443349754
87_414,0.7970085470085471
87_415,0.8235294117647058
87_416,0.8071895424836601
87_417,0.8214814814814815
87_418,0.852216748768473
87_419,0.8519021739130435
87_420,0.9155844155844156
87_421,0.7948717948717948
87_422,0.7275862068965517
87_423,0.7236024844720497
87_424,0.794044665012407
87_425,0.7830109335576114
87_426,0.893953488372093
87_427,0.8393113342898134
87_428,0.681853281853282
87_429,0.8227513227513227
87_430,0.8958333333333334
87_431,0.8200000000000001
87_432,0.8235294117647058
87_433,0.706060606060606
87_434,0.6842105263157895
87_435,0.9203703703703704
87_436,0.8724778046811945
87_437,0.8276014109347443
87_438,0.8469135802469137
87_439,0.8765853658536585
87_440,0.8819875776397516
87_441,0.9229166666666666
87_442,0.8569711538461539
87_443,0.7668269230769231
87_444,0.8117647058823529
87_445,0.8205128205128205
87_446,0.735042735042735
87_447,0.8564516129032258
87_448,0.889273356401384
87_449,0.85
87_450,0.8425925925925926
87_451,0.8421052631578947
87_452,0.8805555555555555
87_453,0.8621794871794872
87_454,0.8029100529100529
87_455,0.7997364953886693
87_456,0.7558983666061706
87_457,0.9222222222222222
87_458,-1.0
88_408,0.33333333333333337
88_409,0.7787114845938375
88_410,0.7517857142857144
88_411,0.9604395604395604
88_412,0.8401709401709401
88_413,0.9025297619047619
88_414,0.7576621525302921
88_415,0.8575851393188855
88_416,0.7983870967741935
88_417,0.875801282051282
88_418,0.8128205128205128
88_419,0.8064024390243902
88_420,0.8822751322751323
88_421,0.8047619047619048
88_422,0.8434782608695653
88_423,0.8272727272727273
88_424,0.8538011695906432
88_425,0.8059440559440559
88_426,0.8862802641232576
88_427,0.900735294117647
88_428,0.8844827586206896
88_429,0.7657342657342657
88_430,0.9756944444444444
88_431,0.6
88_432,0.8300653594771241
88_433,0.6714285714285715
88_434,0.8
88_435,0.7684729064039408
88_436,0.8721719457013575
88_437,0.7318789584799437
88_438,0.8204301075268817
88_439,0.8762677484787018
88_440,0.8656987295825772
88_441,0.7952898550724637
88_442,0.8136752136752138
88_443,0.7537037037037038
88_444,0.7875939849624061
88_445,0.92
88_446,0.6952380952380952
88_447,0.7950191570881225
88_448,0.8840336134453781
88_449,0.7627450980392156
88_450,0.5465587044534412
88_451,0.9852941176470588
88_452,0.7763157894736842
88_453,0.6836581709145427
88_454,0.75
88_455,0.7973684210526315
88_456,0.8733766233766234
88_457,0.8645833333333333
88_458,0.9
89_408,0.5499999999999999
89_409,0.8962962962962963
89_410,0.8328947368421054
89_411,0.8328445747800587
89_412,0.8367208672086721
89_413,0.8009259259259259
89_414,0.7301136363636364
89_415,0.7954815695600476
89_416,0.8758241758241758
89_417,0.8523255813953489
89_418,0.806060606060606
89_419,0.8996655518394648
89_420,0.8644688644688645
89_421,0.8925831202046035
89_422,0.8877665544332212
89_423,0.7529411764705882
89_424,0.691111111111111
89_425,0.8823529411764706
89_426,0.8327759197324415
89_427,0.8423076923076923
89_428,0.7592137592137591
89_429,0.8383458646616542
89_430,0.798076923076923
89_431,0.8809523809523809
89_432,0.7577854671280277
89_433,0.8608058608058609
89_434,0.8871473354231975
89_435,0.8817663817663818
89_436,0.7647783251231527
89_437,0.7863945578231293
89_438,0.7707390648567118
89_439,0.84375
89_440,0.8333333333333333
89_441,0.8444444444444444
89_442,0.7407407407407408
89_443,0.8020434227330779
89_444,0.7490421455938697
89_445,0.8390092879256966
89_446,0.8849206349206349
89_447,0.7840000000000001
89_448,0.8387096774193549
89_449,0.8703007518796992
89_450,0.905448717948718
89_451,0.7987012987012987
89_452,0.8238636363636364
89_453,0.8954248366013071
89_454,0.7200000000000001
89_455,0.9052631578947368
89_456,0.8256704980842913
89_457,0.8660714285714285
89_458,-1.0
90_408,0.8333333333333333
90_409,0.7941176470588235
90_410,0.8542199488491049
90_411,0.7772808586762076
90_412,0.7848888888888889
90_413,0.8459627329192547
90_414,0.7743506493506493
90_415,0.943452380952381
90_416,0.7054545454545454
90_417,0.875
90_418,0.8004807692307692
90_419,0.8267857142857142
90_420,0.8465506125080593
90_421,0.7788461538461539
90_422,0.7628205128205128
90_423,0.8999999999999999
90_424,0.4861111111111111
90_425,0.8112244897959183
90_426,0.8112522686025408
90_427,0.8591331269349844
90_428,0.8719298245614034
90_429,0.8544973544973545
90_430,0.8195488721804511
90_431,1.0
90_432,0.951388888888889
90_433,0.9301470588235294
90_434,0.90625
90_435,0.8588235294117648
90_436,0.9246031746031746
90_437,0.7986206896551724
90_438,0.85625
90_439,0.8323424494649228
90_440,0.7682539682539682
90_441,0.8831417624521073
90_442,0.823529411764706
90_443,0.8302277432712216
90_444,0.76
90_445,0.8492063492063492
90_446,0.8233333333333333
90_447,0.8641765704584041
90_448,0.8160000000000001
90_449,0.8746556473829202
90_450,0.9259259259259259
90_451,0.7321428571428572
90_452,0.7013232514177693
90_453,0.907051282051282
90_454,0.8486842105263158
90_455,0.8787878787878787
90_456,0.831578947368421
90_457,0.8142857142857143
90_458,0.7291666666666666
90_459,0.875
91_408,1.0
91_409,1.0
91_410,0.7536231884057971
91_411,0.8314176245210728
91_412,0.7982456140350876
91_413,0.8333333333333334
91_414,0.8577302631578947
91_415,0.803030303030303
91_416,0.7101449275362319
91_417,0.8701809598741148
91_418,0.9054187192118226
91_419,0.782608695652174
91_420,0.8543233082706768
91_421,0.845959595959596
91_422,0.8819073083778967
91_423,0.8029556650246306
91_424,0.8507692307692307
91_425,0.8775510204081632
91_426,0.7058823529411765
91_427,0.8220689655172414
91_428,0.8498074454428756
91_429,0.7982456140350878
91_430,0.7564102564102564
91_431,0.7575757575757576
91_432,0.8857142857142857
91_433,0.8952380952380953
91_434,0.8718487394957983
91_435,0.8333333333333334
91_436,0.8851674641148325
91_437,0.895
91_438,0.8322981366459627
91_439,0.9391891891891891
91_440,0.7828054298642534
91_441,0.8335832083958021
91_442,0.7413194444444444
91_443,0.8205128205128205
91_444,0.8649553571428572
91_445,0.8671328671328672
91_446,0.8473684210526315
91_447,0.7858796296296298
91_448,0.8008403361344538
91_449,0.7819444444444444
91_450,0.8140096618357489
91_451,0.6769230769230768
91_452,0.908888888888889
91_453,0.7916041979010495
91_454,0.8621212121212121
91_455,0.846153846153846
91_456,0.7416666666666667
91_457,0.9603174603174603
91_458,0.9102564102564104
91_459,-1.0
91_460,0.5
92_408,1.0
92_409,0.6833333333333333
92_410,0.6363636363636364
92_411,0.8421052631578947
92_412,0.8709677419354839
92_413,0.8301630434782609
92_414,0.80625
92_415,0.8093294460641399
92_416,0.8863636363636365
92_417,0.7677018633540372
92_418,0.7702991452991453
92_419,0.8718487394957982
92_420,0.7638248847926268
92_421,0.817738791423002
92_422,0.8742937853107344
92_423,0.8051529790660226
92_424,0.8637992831541219
92_425,0.6987577639751553
92_426,0.9725
92_427,0.898148148148148
92_428,0.8735632183908046
92_429,0.8708333333333333
92_430,0.7678571428571429
92_431,0.7677419354838709
92_432,0.7878787878787878
92_433,0.8297213622291021
92_434,0.6521739130434783
92_435,0.5565476190476191
92_436,0.8708708708708708
92_437,0.8342857142857143
92_438,0.8676923076923077
92_439,0.7645161290322581
92_440,0.7694235588972431
92_441,0.8492307692307692
92_442,0.7459677419354839
92_443,0.8901996370235935
92_444,0.8510869565217392
92_445,0.6911764705882353
92_446,0.8816425120772947
92_447,0.8452380952380952
92_448,0.8606060606060607
92_449,0.8765880217785844
92_450,0.7525987525987526
92_451,0.8946886446886446
92_452,0.8092691622103387
92_453,0.8571428571428571
92_454,0.9588859416445623
92_455,0.8686868686868687
92_456,0.9413533834586466
92_457,0.8506493506493507
92_458,0.8888888888888888
92_459,-1.0
93_408,0.75
93_409,0.7976190476190477
93_410,0.8846153846153847
93_411,0.900383141762452
93_412,0.8913412563667232
93_413,0.8739495798319328
93_414,0.8088023088023089
93_415,0.8050682261208576
93_416,0.8192189556823167
93_417,0.8240360951599672
93_418,0.8049872122762148
93_419,0.9221052631578948
93_420,0.8740031897926636
93_421,0.855654761904762
93_422,0.7898550724637682
93_423,0.8544444444444443
93_424,0.7872448979591836
93_425,0.9098228663446055
93_426,0.8368421052631578
93_427,0.8424242424242424
93_428,0.834307992202729
93_429,0.75
93_430,0.898989898989899
93_431,0.875
93_432,0.9043478260869565
93_433,0.8328816621499548
93_434,0.9088
93_435,0.8857142857142858
93_436,0.8164414414414415
93_437,0.8620129870129871
93_438,0.7394636015325671
93_439,0.8211764705882353
93_440,0.882608695652174
93_441,0.8830409356725146
93_442,0.7190635451505016
93_443,0.8465447154471545
93_444,0.90292333149476
93_445,0.7591069330199766
93_446,0.8481481481481481
93_447,0.73125
93_448,0.921875
93_449,0.7940503432494279
93_450,0.7316176470588235
93_451,0.8223684210526316
93_452,0.8
93_453,0.8
93_454,0.875
93_455,0.895320197044335
93_456,0.8642857142857143
93_457,0.7793522267206477
93_458,0.9466403162055335
93_459,0.75
94_408,0.9375
94_409,0.8067226890756303
94_410,0.7596153846153846
94_411,0.825944170771757
94_412,0.75390625
94_413,0.8579545454545454
94_414,0.9303675048355899
94_415,0.8103174603174603
94_416,0.7917329093799682
94_417,0.8660300925925926
94_418,0.8421423537702608
94_419,0.717911877394636
94_420,0.8438228438228439
94_421,0.8463949843260188
94_422,0.8611918604651163
94_423,0.845878136200717
94_424,0.8878306878306879
94_425,0.8092307692307692
94_426,0.8455882352941176
94_427,0.8181818181818181
94_428,0.775
94_429,0.8484848484848484
94_430,0.9555555555555555
94_431,0.7913043478260869
94_432,0.8929765886287626
94_433,0.8356481481481481
94_434,0.7658802177858439
94_435,0.875
94_436,0.8622685185185186
94_437,0.8195937873357229
94_438,0.7440318302387268
94_439,0.8260869565217391
94_440,0.8507936507936508
94_441,0.8376068376068376
94_442,0.7427807486631016
94_443,0.8065433854907539
94_444,0.8982905982905983
94_445,0.858250276854928
94_446,0.746
94_447,0.946875
94_448,0.8541666666666667
94_449,0.8342857142857142
94_450,0.8419047619047619
94_451,0.843939393939394
94_452,0.8108504398826979
94_453,0.7932900432900432
94_454,0.8963541666666667
94_455,0.9023569023569024
94_456,0.8551351351351352
94_457,0.7928571428571429
94_458,0.6363636363636364
94_459,0.8877551020408163
94_460,0.5
95_408,0.6296296296296295
95_409,0.8388746803069055
95_410,0.8353808353808354
95_411,0.852659110723627
95_412,0.8530092592592593
95_413,0.8610526315789474
95_414,0.8050595238095237
95_415,0.8585043988269795
95_416,0.8441971383147854
95_417,0.8428571428571429
95_418,0.8160299003322259
95_419,0.8296703296703296
95_420,0.8618181818181819
95_421,0.831360946745562
95_422,0.7822853279242731
95_423,0.8205128205128205
95_424,0.7821350762527233
95_425,0.7959770114942529
95_426,0.8361204013377928
95_427,0.7604166666666666
95_428,0.8388888888888889
95_429,0.8076923076923077
95_430,0.8522727272727273
95_431,0.6470588235294117
95_432,0.7474489795918368
95_433,0.8215102974828375
95_434,0.80316091954023
95_435,0.8460144927536233
95_436,0.8277777777777777
95_437,0.8186813186813187
95_438,0.878125
95_439,0.8314814814814815
95_440,0.8223039215686274
95_441,0.7932551319648093
95_442,0.7419354838709677
95_443,0.8632478632478633
95_444,0.7591145833333334
95_445,0.8785175017158545
95_446,0.8989247311827957
95_447,0.8771266540642721
95_448,0.8647959183673469
95_449,0.8181818181818182
95_450,0.8419117647058824
95_451,0.7716682199440821
95_452,0.7361111111111112
95_453,0.8759398496240602
95_454,0.8571428571428572
95_455,0.8513888888888889
95_456,0.723264540337711
95_457,0.951417004048583
95_458,0.7884615384615385
95_459,1.0
95_460,0.6
96_408,1.0
96_409,0.7914285714285715
96_410,0.8691358024691358
96_411,0.8449382716049383
96_412,0.8374028856825748
96_413,0.8263718263718264
96_414,0.8283699059561128
96_415,0.9056261343012704
96_416,0.8118012422360248
96_417,0.8129748684979544
96_418,0.8333333333333333
96_419,0.8205705705705705
96_420,0.8304597701149425
96_421,0.832069970845481
96_422,0.9041019955654103
96_423,0.8429054054054055
96_424,0.7671809256661991
96_425,0.7658802177858439
96_426,0.7729468599033816
96_427,0.8429951690821256
96_428,0.8551136363636364
96_429,0.6778846153846154
96_430,0.8045267489711935
96_431,0.7458333333333333
96_432,0.9333333333333333
96_433,0.6882183908045978
96_434,0.7840136054421769
96_435,0.8283752860411899
96_436,0.9010989010989011
96_437,0.6488095238095238
96_438,0.8704453441295547
96_439,0.5931372549019608
96_440,0.814
96_441,0.9219047619047618
96_442,0.8765432098765432
96_443,0.9057142857142857
96_444,0.76625
96_445,0.7998366013071896
96_446,0.8051063829787234
96_447,0.8411458333333334
96_448,0.775609756097561
96_449,0.8475274725274725
96_450,0.8347222222222221
96_451,0.7849462365591398
96_452,0.8674242424242424
96_453,0.8274456521739131
96_454,0.7790948275862069
96_455,0.8683574879227054
96_456,0.7100591715976332
96_457,0.2666666666666667
96_458,0.8
97_408,0.7777777777777778
97_409,0.928030303030303
97_410,0.8122807017543859
97_411,0.7945945945945947
97_412,0.7787433155080213
97_413,0.7880571909167368
97_414,0.8010291595197256
97_415,0.8212454212454212
97_416,0.8304735758407688
97_417,0.8216117216117216
97_418,0.8590909090909091
97_419,0.876595744680851
97_420,0.8580432172869148
97_421,0.8628872775214239
97_422,0.7964669738863287
97_423,0.8333333333333333
97_424,0.8851674641148326
97_425,0.7622549019607843
97_426,0.7647058823529411
97_427,0.7264957264957265
97_428,0.878125
97_429,0.8421052631578948
97_430,0.7516447368421052
97_431,0.8404977375565611
97_432,0.88
97_433,0.8799171842650104
97_434,0.8970588235294117
97_435,0.6682692307692307
97_436,0.7181818181818181
97_437,0.7692307692307693
97_438,0.8892045454545454
97_439,0.738562091503268
97_440,0.8601532567049809
97_441,0.9078624078624079
97_442,0.8215892053973013
97_443,0.7767441860465116
97_444,0.83710407239819
97_445,0.9312762973352033
97_446,0.8068181818181819
97_447,0.6912681912681913
97_448,0.7916041979010495
97_449,0.8823529411764706
97_450,0.8347826086956521
97_451,0.8190104166666666
97_452,0.8789592760180995
97_453,0.8420000000000001
97_454,0.8616071428571428
97_455,0.6666666666666666
97_456,0.8928571428571429
97_457,0.7818181818181819
97_458,0.9583333333333334
97_459,-1.0
98_408,0.4666666666666667
98_409,0.90625
98_410,0.7261904761904763
98_411,0.8757721345229925
98_412,0.8397177419354838
98_413,0.8574635241301908
98_414,0.8031664527171587
98_415,0.8458809617658651
98_416,0.7872244714349977
98_417,0.8935902806870549
98_418,0.8020716685330347
98_419,0.8419030732860521
98_420,0.8057142857142856
98_421,0.8367786391042203
98_422,0.8979591836734694
98_423,0.8808353808353808
98_424,0.8632352941176471
98_425,0.892156862745098
98_426,0.7619047619047619
98_427,0.788235294117647
98_428,0.7916666666666667
98_429,0.8842592592592593
98_430,0.8275862068965517
98_431,0.8094357076780758
98_432,0.69281045751634
98_433,0.8339181286549707
98_434,0.717948717948718
98_435,0.6514423076923077
98_436,0.8
98_437,0.8214285714285714
98_438,0.7465277777777777
98_439,0.8512820512820513
98_440,0.7947089947089947
98_441,0.8677884615384615
98_442,0.8739224137931034
98_443,0.8425925925925926
98_444,0.8859649122807017
98_445,0.76036866359447
98_446,0.9107142857142856
98_447,0.8746081504702194
98_448,0.7755102040816326
98_449,0.93
98_450,0.8355263157894737
98_451,0.7006172839506173
98_452,0.7916041979010495
98_453,0.6153846153846154
98_454,0.9642857142857143
98_459,0.6666666666666666
98_460,-1.0
99_408,0.925925925925926
99_409,0.7244582043343653
99_410,0.8777777777777778
99_411,0.7970085470085471
99_412,0.8504273504273504
99_413,0.8186274509803921
99_414,0.7361111111111112
99_415,0.8939974457215837
99_416,0.8876050420168067
99_417,0.784659557013946
99_418,0.866921768707483
99_419,0.769187675070028
99_420,0.7625396825396825
99_421,0.8439153439153438
99_422,0.7222222222222223
99_423,0.8633333333333333
99_424,0.8432432432432433
99_425,0.8271604938271605
99_426,0.7800925925925926
99_427,0.9535603715170279
99_428,0.8163265306122449
99_429,0.847926267281106
99_430,0.8116883116883117
99_431,0.8117236024844721
99_432,0.7942583732057417
99_433,0.8033448673587082
99_434,0.8244897959183674
99_435,0.7966666666666667
99_436,0.8365384615384615
99_437,0.8508064516129032
99_438,0.7633928571428571
99_439,0.8912037037037037
99_440,0.7910052910052909
99_441,0.7083333333333334
99_442,0.7928571428571428
99_443,0.8775510204081634
99_444,0.8974025974025974
99_445,0.8218793828892006
99_446,0.7675070028011204
99_447,0.9320987654320988
99_448,0.9
99_449,0.9090909090909092
99_450,0.8596059113300493
99_451,0.8176638176638176
99_452,0.8313725490196079
99_453,0.7816091954022988
99_454,0.6517857142857143
